{
  "before": {
    "fan": {
      "accuracy": 96.51988636363636,
      "precision": 0.967551622418879,
      "recall": 0.984,
      "f1_score": 0.975706494794249,
      "auc": 0.9880980392156863
    },
    "pump": {
      "accuracy": 95.68661971830986,
      "precision": 0.9564375605033882,
      "recall": 0.9959677419354839,
      "f1_score": 0.9758024691358025,
      "auc": 0.9742733534946235
    },
    "valve": {
      "accuracy": 88.5036496350365,
      "precision": 0.8920664206642066,
      "recall": 0.9907786885245902,
      "f1_score": 0.9388349514563106,
      "auc": 0.6415215163934426
    },
    "slider": {
      "accuracy": 85.25280898876404,
      "precision": 0.8394276629570747,
      "recall": 0.9924812030075187,
      "f1_score": 0.9095607235142119,
      "auc": 0.9279057017543859
    }
  },
  "after": {
    "fan": {
      "accuracy": 70.66761363636364,
      "precision": 0.7091945830363506,
      "recall": 0.995,
      "f1_score": 0.8281315022888056,
      "auc": 0.9049485294117646
    },
    "pump": {
      "accuracy": 89.26056338028168,
      "precision": 0.8904847396768402,
      "recall": 1.0,
      "f1_score": 0.9420702754036088,
      "auc": 0.698616711469534
    },
    "valve": {
      "accuracy": 88.95985401459853,
      "precision": 0.8904109589041096,
      "recall": 0.9989754098360656,
      "f1_score": 0.9415741187831965,
      "auc": 0.48565573770491804
    },
    "slider": {
      "accuracy": 75.84269662921348,
      "precision": 0.7556818181818182,
      "recall": 1.0,
      "f1_score": 0.86084142394822,
      "auc": 0.6166196741854636
    }
  },
  "envs": {
    "before": {
      "2": {
        "fan": {
          "accuracy": 61.47058823529412,
          "precision": 0.7016949152542373,
          "recall": 0.828,
          "f1_score": 0.7596330275229357,
          "auc": 0.17674722222222222
        },
        "pump": {
          "accuracy": 89.76449275362319,
          "precision": 0.898458748866727,
          "recall": 0.998991935483871,
          "f1_score": 0.9460620525059665,
          "auc": 0.43668994815668205
        },
        "valve": {
          "accuracy": 83.98058252427184,
          "precision": 0.8522167487684729,
          "recall": 0.9829545454545454,
          "f1_score": 0.9129287598944591,
          "auc": 0.4770714962121212
        },
        "slider": {
          "accuracy": 82.63473053892216,
          "precision": 0.8317384370015949,
          "recall": 0.9802631578947368,
          "f1_score": 0.8999137187230372,
          "auc": 0.7045693277310925
        }
      },
      "4": {
        "fan": {
          "accuracy": 74.71098265895954,
          "precision": 0.7492690058479532,
          "recall": 0.9932170542635659,
          "f1_score": 0.8541666666666667,
          "auc": 0.42436630109231854
        },
        "pump": {
          "accuracy": 84.5,
          "precision": 0.8666666666666667,
          "recall": 0.9712643678160919,
          "f1_score": 0.9159891598915989,
          "auc": 0.5287632625994695
        },
        "valve": {
          "accuracy": 87.13768115942028,
          "precision": 0.8971698113207547,
          "recall": 0.9664634146341463,
          "f1_score": 0.9305283757338552,
          "auc": 0.6223238482384824
        },
        "slider": {
          "accuracy": 69.17613636363636,
          "precision": 0.7345399698340875,
          "recall": 0.9223484848484849,
          "f1_score": 0.8178001679261127,
          "auc": 0.39970730027548207
        }
      },
      "6": {
        "fan": {
          "accuracy": 72.88011695906432,
          "precision": 0.7304029304029304,
          "recall": 0.997,
          "f1_score": 0.8431289640591966,
          "auc": 0.2454836956521739
        },
        "pump": {
          "accuracy": 89.26056338028168,
          "precision": 0.9069767441860465,
          "recall": 0.9825581395348837,
          "f1_score": 0.9432558139534883,
          "auc": 0.6439046660703638
        },
        "valve": {
          "accuracy": 86.4963503649635,
          "precision": 0.8935361216730038,
          "recall": 0.9631147540983607,
          "f1_score": 0.9270216962524656,
          "auc": 0.48080601092896175
        },
        "slider": {
          "accuracy": 83.6038961038961,
          "precision": 0.8600337268128162,
          "recall": 0.9659090909090909,
          "f1_score": 0.9099018733273864,
          "auc": 0.6443267906336088
        }
      }
    },
    "after": {
      "2": {
        "fan": {
          "accuracy": 73.52941176470588,
          "precision": 0.7352941176470589,
          "recall": 1.0,
          "f1_score": 0.8474576271186441,
          "auc": 0.6995638888888889
        },
        "pump": {
          "accuracy": 89.85507246376811,
          "precision": 0.8985507246376812,
          "recall": 1.0,
          "f1_score": 0.9465648854961832,
          "auc": 0.5414116503456221
        },
        "valve": {
          "accuracy": 87.25728155339806,
          "precision": 0.8711276332094176,
          "recall": 0.9985795454545454,
          "f1_score": 0.9305095962938451,
          "auc": 0.839926609848485
        },
        "slider": {
          "accuracy": 81.58682634730539,
          "precision": 0.8122137404580153,
          "recall": 1.0,
          "f1_score": 0.8963774220724516,
          "auc": 0.7871067835028749
        }
      },
      "4": {
        "fan": {
          "accuracy": 74.56647398843931,
          "precision": 0.7456647398843931,
          "recall": 1.0,
          "f1_score": 0.8543046357615894,
          "auc": 0.5941519115574349
        },
        "pump": {
          "accuracy": 87.0,
          "precision": 0.87,
          "recall": 1.0,
          "f1_score": 0.9304812834224598,
          "auc": 0.6231487621573828
        },
        "valve": {
          "accuracy": 89.85507246376811,
          "precision": 0.8978102189781022,
          "recall": 1.0,
          "f1_score": 0.9461538461538462,
          "auc": 0.7460535230352303
        },
        "slider": {
          "accuracy": 75.85227272727273,
          "precision": 0.7564469914040115,
          "recall": 1.0,
          "f1_score": 0.8613376835236541,
          "auc": 0.7435971935261708
        }
      },
      "6": {
        "fan": {
          "accuracy": 73.09941520467837,
          "precision": 0.7309941520467836,
          "recall": 1.0,
          "f1_score": 0.8445945945945946,
          "auc": 0.8204374999999999
        },
        "pump": {
          "accuracy": 90.84507042253522,
          "precision": 0.9084507042253521,
          "recall": 1.0,
          "f1_score": 0.952029520295203,
          "auc": 0.7880608974358974
        },
        "valve": {
          "accuracy": 89.78102189781022,
          "precision": 0.8970588235294118,
          "recall": 1.0,
          "f1_score": 0.9457364341085273,
          "auc": 0.823215505464481
        },
        "slider": {
          "accuracy": 85.87662337662337,
          "precision": 0.8585365853658536,
          "recall": 1.0,
          "f1_score": 0.9238845144356956,
          "auc": 0.7072787534435262
        }
      }
    }
  }
}