{"before": {"fan": {"accuracy": 96.80397727272727, "precision": 0.977022977022977, "recall": 0.978, "f1_score": 0.9775112443778111, "auc": 0.9888039215686273}, "pump": {"accuracy": 96.15384615384616, "precision": 0.9605009633911368, "recall": 0.997, "f1_score": 0.9784102060843965, "auc": 0.9844166666666666}, "valve": {"accuracy": 89.13043478260869, "precision": 0.8941605839416058, "recall": 0.9959349593495935, "f1_score": 0.9423076923076923, "auc": 0.6248814363143631}, "slider": {"accuracy": 85.89385474860335, "precision": 0.8457869634340223, "recall": 0.9925373134328358, "f1_score": 0.913304721030043, "auc": 0.9189313847429519}}, "after": {"fan": {"accuracy": 70.88068181818183, "precision": 0.7098150782361309, "recall": 0.998, "f1_score": 0.8295926849542808, "auc": 0.8985269607843137}, "pump": {"accuracy": 89.24825174825175, "precision": 0.8904719501335708, "recall": 1.0, "f1_score": 0.9420631182289214, "auc": 0.7135069444444445}, "valve": {"accuracy": 88.76811594202898, "precision": 0.8909090909090909, "recall": 0.9959349593495935, "f1_score": 0.9404990403071019, "auc": 0.4857723577235772}, "slider": {"accuracy": 76.04748603351955, "precision": 0.7575971731448763, "recall": 1.0, "f1_score": 0.8620828307197427, "auc": 0.5818978026533996}}, "envs": {"before": {"2": {"fan": {"accuracy": 60.01461988304093, "precision": 0.6978540772532189, "recall": 0.8065476190476191, "f1_score": 0.7482742751955822, "auc": 0.18130787037037036}, "pump": {"accuracy": 89.83812949640287, "precision": 0.8991899189918992, "recall": 0.999, "f1_score": 0.946470866887731, "auc": 0.4542589285714286}, "valve": {"accuracy": 83.98058252427184, "precision": 0.8522167487684729, "recall": 0.9829545454545454, "f1_score": 0.9129287598944591, "auc": 0.5566642992424242}, "slider": {"accuracy": 83.63095238095238, "precision": 0.8359621451104101, "recall": 0.9888059701492538, "f1_score": 0.9059829059829061, "auc": 0.7267442658033363}}, "4": {"fan": {"accuracy": 74.78323699421965, "precision": 0.7505502567865003, "recall": 0.9912790697674418, "f1_score": 0.8542797494780794, "auc": 0.42383500704721633}, "pump": {"accuracy": 84.625, "precision": 0.8668373879641486, "recall": 0.9727011494252874, "f1_score": 0.916723087339201, "auc": 0.5452586206896551}, "valve": {"accuracy": 87.41007194244604, "precision": 0.895910780669145, "recall": 0.9717741935483871, "f1_score": 0.9323017408123792, "auc": 0.6028309811827957}, "slider": {"accuracy": 67.69662921348315, "precision": 0.7237237237237237, "recall": 0.9128787878787878, "f1_score": 0.8073701842546064, "auc": 0.34500576416337286}}, "6": {"fan": {"accuracy": 73.24561403508771, "precision": 0.73568281938326, "recall": 0.9940476190476191, "f1_score": 0.8455696202531645, "auc": 0.1935901675485009}, "pump": {"accuracy": 89.24825174825175, "precision": 0.9075555555555556, "recall": 0.9817307692307692, "f1_score": 0.9431870669745958, "auc": 0.7098465236686389}, "valve": {"accuracy": 86.86594202898551, "precision": 0.8946378174976481, "recall": 0.9664634146341463, "f1_score": 0.9291646311675623, "auc": 0.45323509485094854}, "slider": {"accuracy": 82.21153846153845, "precision": 0.8480801335559266, "recall": 0.9621212121212122, "f1_score": 0.9015084294587401, "auc": 0.6258877840909092}}}, "after": {"2": {"fan": {"accuracy": 73.61111111111111, "precision": 0.7366495976591075, "recall": 0.9990079365079365, "f1_score": 0.848, "auc": 0.7192377645502644}, "pump": {"accuracy": 89.92805755395683, "precision": 0.8992805755395683, "recall": 1.0, "f1_score": 0.9469696969696969, "auc": 0.6098839285714286}, "valve": {"accuracy": 86.04368932038835, "precision": 0.8595848595848596, "recall": 1.0, "f1_score": 0.9244911359159553, "auc": 0.7740885416666667}, "slider": {"accuracy": 81.47321428571429, "precision": 0.8115064345193036, "recall": 1.0, "f1_score": 0.8959465106560802, "auc": 0.7687115891132573}}, "4": {"fan": {"accuracy": 74.56647398843931, "precision": 0.7456647398843931, "recall": 1.0, "f1_score": 0.8543046357615894, "auc": 0.5734039156095843}, "pump": {"accuracy": 87.0, "precision": 0.87, "recall": 1.0, "f1_score": 0.9304812834224598, "auc": 0.6473253757736517}, "valve": {"accuracy": 89.83812949640287, "precision": 0.897737556561086, "recall": 1.0, "f1_score": 0.9461134954697187, "auc": 0.8281418010752688}, "slider": {"accuracy": 75.0, "precision": 0.7478753541076487, "recall": 1.0, "f1_score": 0.8557536466774717, "auc": 0.7862010046113307}}, "6": {"fan": {"accuracy": 73.75730994152046, "precision": 0.737381126554499, "recall": 1.0, "f1_score": 0.848842105263158, "auc": 0.8318287037037038}, "pump": {"accuracy": 90.9090909090909, "precision": 0.9090909090909091, "recall": 1.0, "f1_score": 0.9523809523809523, "auc": 0.7093010355029585}, "valve": {"accuracy": 89.22101449275362, "precision": 0.8921124206708976, "recall": 1.0, "f1_score": 0.9429803545759463, "auc": 0.8149559620596206}, "slider": {"accuracy": 84.61538461538461, "precision": 0.8461538461538461, "recall": 1.0, "f1_score": 0.9166666666666666, "auc": 0.7170730744949494}}}}}