{
  "before": {
    "fan": {
      "accuracy": 97.3314606741573,
      "precision": 0.9803536345776032,
      "recall": 0.9822834645669292,
      "f1_score": 0.9813176007866273,
      "auc": 0.9878898409757604
    },
    "pump": {
      "accuracy": 95.8916083916084,
      "precision": 0.9615754082612872,
      "recall": 0.9930555555555556,
      "f1_score": 0.977061981454368,
      "auc": 0.9763436624649859
    },
    "valve": {
      "accuracy": 89.94565217391305,
      "precision": 0.9015496809480401,
      "recall": 0.9969758064516129,
      "f1_score": 0.9468645284825276,
      "auc": 0.6415790610599079
    },
    "slider": {
      "accuracy": 85.33519553072625,
      "precision": 0.8404423380726699,
      "recall": 0.9925373134328358,
      "f1_score": 0.9101796407185628,
      "auc": 0.9265728648424543
    }
  },
  "after": {
    "fan": {
      "accuracy": 70.92696629213484,
      "precision": 0.7122708039492243,
      "recall": 0.9940944881889764,
      "f1_score": 0.8299096138044372,
      "auc": 0.8447197776748494
    },
    "pump": {
      "accuracy": 89.86013986013987,
      "precision": 0.896797153024911,
      "recall": 1.0,
      "f1_score": 0.9455909943714822,
      "auc": 0.6480581816059757
    },
    "valve": {
      "accuracy": 89.85507246376811,
      "precision": 0.8985507246376812,
      "recall": 1.0,
      "f1_score": 0.9465648854961832,
      "auc": 0.49918094758064524
    },
    "slider": {
      "accuracy": 76.67597765363129,
      "precision": 0.7624466571834992,
      "recall": 1.0,
      "f1_score": 0.8652138821630346,
      "auc": 0.6232716625207297
    }
  },
  "envs": {
    "before": {
      "2": {
        "fan": {
          "accuracy": 58.93895348837209,
          "precision": 0.6952380952380952,
          "recall": 0.7903543307086615,
          "f1_score": 0.7397512666973746,
          "auc": 0.18208388013998253
        },
        "pump": {
          "accuracy": 90.46762589928058,
          "precision": 0.9063063063063063,
          "recall": 0.998015873015873,
          "f1_score": 0.9499527856468365,
          "auc": 0.4330452533577534
        },
        "valve": {
          "accuracy": 83.98058252427184,
          "precision": 0.8606965174129353,
          "recall": 0.9719101123595506,
          "f1_score": 0.9129287598944591,
          "auc": 0.5082639446227929
        },
        "slider": {
          "accuracy": 83.77976190476191,
          "precision": 0.838351822503962,
          "recall": 0.9869402985074627,
          "f1_score": 0.906598114824336,
          "auc": 0.7180675208516243
        }
      },
      "4": {
        "fan": {
          "accuracy": 74.85632183908046,
          "precision": 0.7518248175182481,
          "recall": 0.9903846153846154,
          "f1_score": 0.854771784232365,
          "auc": 0.4088450611888112
        },
        "pump": {
          "accuracy": 84.875,
          "precision": 0.8761290322580645,
          "recall": 0.9644886363636364,
          "f1_score": 0.9181879648411089,
          "auc": 0.5419921875
        },
        "valve": {
          "accuracy": 88.57913669064749,
          "precision": 0.9037927844588344,
          "recall": 0.977,
          "f1_score": 0.9389716482460355,
          "auc": 0.6211785714285714
        },
        "slider": {
          "accuracy": 67.77777777777779,
          "precision": 0.7268656716417911,
          "recall": 0.9085820895522388,
          "f1_score": 0.8076285240464345,
          "auc": 0.37553739454899415
        }
      },
      "6": {
        "fan": {
          "accuracy": 72.32658959537572,
          "precision": 0.7311906501095691,
          "recall": 0.985236220472441,
          "f1_score": 0.8394129979035639,
          "auc": 0.2043365927764464
        },
        "pump": {
          "accuracy": 88.8986013986014,
          "precision": 0.9072256913470116,
          "recall": 0.9778846153846154,
          "f1_score": 0.9412309116149932,
          "auc": 0.6825628698224852
        },
        "valve": {
          "accuracy": 88.22463768115942,
          "precision": 0.902803738317757,
          "recall": 0.9737903225806451,
          "f1_score": 0.9369544131910765,
          "auc": 0.485455069124424
        },
        "slider": {
          "accuracy": 82.37179487179486,
          "precision": 0.8597972972972973,
          "recall": 0.9496268656716418,
          "f1_score": 0.902482269503546,
          "auc": 0.6631614654002713
        }
      }
    },
    "after": {
      "2": {
        "fan": {
          "accuracy": 73.76453488372093,
          "precision": 0.7381818181818182,
          "recall": 0.9990157480314961,
          "f1_score": 0.8490171476369721,
          "auc": 0.6852088801399825
        },
        "pump": {
          "accuracy": 90.64748201438849,
          "precision": 0.9064748201438849,
          "recall": 1.0,
          "f1_score": 0.9509433962264151,
          "auc": 0.5907261141636142
        },
        "valve": {
          "accuracy": 87.01456310679612,
          "precision": 0.8748451053283767,
          "recall": 0.9915730337078652,
          "f1_score": 0.9295589203423305,
          "auc": 0.7818017656500802
        },
        "slider": {
          "accuracy": 80.87797619047619,
          "precision": 0.8066215199398044,
          "recall": 1.0,
          "f1_score": 0.8929612661391086,
          "auc": 0.7737015748463565
        }
      },
      "4": {
        "fan": {
          "accuracy": 74.71264367816092,
          "precision": 0.7471264367816092,
          "recall": 1.0,
          "f1_score": 0.8552631578947367,
          "auc": 0.6028026660839161
        },
        "pump": {
          "accuracy": 88.0,
          "precision": 0.88,
          "recall": 1.0,
          "f1_score": 0.9361702127659575,
          "auc": 0.6417347301136362
        },
        "valve": {
          "accuracy": 89.83812949640287,
          "precision": 0.9042844120328167,
          "recall": 0.992,
          "f1_score": 0.9461134954697186,
          "auc": 0.7390892857142857
        },
        "slider": {
          "accuracy": 75.27777777777777,
          "precision": 0.7507002801120448,
          "recall": 1.0,
          "f1_score": 0.8576,
          "auc": 0.8138485561323816
        }
      },
      "6": {
        "fan": {
          "accuracy": 73.41040462427746,
          "precision": 0.7341040462427746,
          "recall": 1.0,
          "f1_score": 0.8466666666666667,
          "auc": 0.8249769984594316
        },
        "pump": {
          "accuracy": 90.9090909090909,
          "precision": 0.9090909090909091,
          "recall": 1.0,
          "f1_score": 0.9523809523809523,
          "auc": 0.7759338017751479
        },
        "valve": {
          "accuracy": 89.85507246376811,
          "precision": 0.8985507246376812,
          "recall": 1.0,
          "f1_score": 0.9465648854961832,
          "auc": 0.8150741647465439
        },
        "slider": {
          "accuracy": 86.0576923076923,
          "precision": 0.8603531300160514,
          "recall": 1.0,
          "f1_score": 0.9249352890422778,
          "auc": 0.7260006784260515
        }
      }
    }
  }
}