{
  "beta": {
    "shape": [
      128,
      1
    ],
    "value": [
      [
        -10.643479671877348
      ],
      [
        12.775476968206506
      ],
      [
        -29.640860674065504
      ],
      [
        9.04151673645345
      ],
      [
        2.1402971617964517
      ],
      [
        0.5990892694848422
      ],
      [
        0.1911693616976823
      ],
      [
        17.147061145640752
      ],
      [
        4.204302510835896
      ],
      [
        -8.632486092330275
      ],
      [
        2.6158302256174655
      ],
      [
        4.511829553485756
      ],
      [
        -8.455068692586503
      ],
      [
        8.112045351103736
      ],
      [
        -0.7249841921545258
      ],
      [
        -4.358167327878344
      ],
      [
        2.7930149258052697
      ],
      [
        -7.2195933092323274
      ],
      [
        9.946770251208532
      ],
      [
        -2.7534655711748393
      ],
      [
        -2.955686022034195
      ],
      [
        -0.2987805292928956
      ],
      [
        2.5865972091382297
      ],
      [
        -4.667686508385365
      ],
      [
        3.5578940695949144
      ],
      [
        -8.293876338036245
      ],
      [
        8.807390186003975
      ],
      [
        -4.651326576795617
      ],
      [
        10.570405500352297
      ],
      [
        -8.166192901991552
      ],
      [
        -2.394547332208251
      ],
      [
        0.5102369210910109
      ],
      [
        -0.25291684293866307
      ],
      [
        -2.089704195911675
      ],
      [
        2.7446187650926688
      ],
      [
        -0.38462633655232037
      ],
      [
        0.6898641694190053
      ],
      [
        -2.8868579943327526
      ],
      [
        2.926262829316918
      ],
      [
        0.2896345610370619
      ],
      [
        1.8269151344333066
      ],
      [
        -0.4395009902685467
      ],
      [
        1.05419568279536
      ],
      [
        0.16185168021122046
      ],
      [
        -0.09507196669051049
      ],
      [
        -0.22172217551532308
      ],
      [
        2.621517798909987
      ],
      [
        -1.3739069795224579
      ],
      [
        -0.37961987265766745
      ],
      [
        -1.705954824043622
      ],
      [
        0.6146181728943481
      ],
      [
        0.3339834282249315
      ],
      [
        -0.3426357464719121
      ],
      [
        -0.7863024024611592
      ],
      [
        -0.618336813119682
      ],
      [
        0.6002690936682414
      ],
      [
        0.30209484472694836
      ],
      [
        0.1039042043147704
      ],
      [
        -0.4595886308735445
      ],
      [
        -0.7128794851031917
      ],
      [
        -0.9591166367011764
      ],
      [
        -0.9959399029311634
      ],
      [
        0.0386866951426279
      ],
      [
        0.1421376585561892
      ],
      [
        7.2294626011281595
      ],
      [
        -0.9703687924872906
      ],
      [
        -0.4518797434050643
      ],
      [
        -0.28025740779477293
      ],
      [
        1.1205413127364494
      ],
      [
        -2.7537811580422282
      ],
      [
        5.856575073552801
      ],
      [
        -7.772774341062309
      ],
      [
        -1.532299693945394
      ],
      [
        3.68732043670533
      ],
      [
        -4.783700253370462
      ],
      [
        7.9942456297673905
      ],
      [
        -0.10760059536812448
      ],
      [
        -6.809394066835333
      ],
      [
        2.4181091217214075
      ],
      [
        1.4671577449556237
      ],
      [
        -1.8407423916625327
      ],
      [
        0.269072092965738
      ],
      [
        -0.05885682911675822
      ],
      [
        0.027553667079020232
      ],
      [
        -0.8843647495189089
      ],
      [
        0.03943647191762109
      ],
      [
        0.8243791457591739
      ],
      [
        0.6028570379256725
      ],
      [
        -5.295339534834291
      ],
      [
        11.222327604345216
      ],
      [
        -2.956603220378774
      ],
      [
        -15.352070680770696
      ],
      [
        9.111531829030136
      ],
      [
        2.1865286257096965
      ],
      [
        0.2938126862934677
      ],
      [
        3.677896377177767
      ],
      [
        -5.742608940979834
      ],
      [
        5.25008380687586
      ],
      [
        -0.477207217591821
      ],
      [
        2.989084175078225
      ],
      [
        -1.3623628762014564
      ],
      [
        -1.1570579233008036
      ],
      [
        2.741286434325116
      ],
      [
        -0.8884686949918708
      ],
      [
        -18.99392106162421
      ],
      [
        6.894500685439466
      ],
      [
        -3.348005356926168
      ],
      [
        5.063480192873772
      ],
      [
        -7.974364430310589
      ],
      [
        10.51908750411618
      ],
      [
        -3.851969162637049
      ],
      [
        10.496273805082026
      ],
      [
        0.03890368970289624
      ],
      [
        -1.8729213350544405
      ],
      [
        0.96304842503126
      ],
      [
        -0.2358138768246639
      ],
      [
        -0.6467843868313261
      ],
      [
        -0.30001670925664414
      ],
      [
        -0.2195830029897126
      ],
      [
        -0.04417702740277738
      ],
      [
        -0.6308065442640061
      ],
      [
        -1.4143172491503417
      ],
      [
        1.8960078209562954
      ],
      [
        -0.7639371923029028
      ],
      [
        -0.15785339081532093
      ],
      [
        -0.26153247325200374
      ],
      [
        -0.4490420266653862
      ],
      [
        0.2188012804117955
      ]
    ]
  }
}