{
  "beta": {
    "shape": [
      32,
      1
    ],
    "value": [
      [
        -22.26148964713163
      ],
      [
        12.205654126873489
      ],
      [
        -14.597143056189482
      ],
      [
        16.22795378427337
      ],
      [
        -5.870598041134471
      ],
      [
        2.8144364874707875
      ],
      [
        -6.870713399509427
      ],
      [
        20.227404966736596
      ],
      [
        25.734850271058182
      ],
      [
        -24.722488100158007
      ],
      [
        -3.604801530179162
      ],
      [
        22.345293238346468
      ],
      [
        5.111941303043127
      ],
      [
        -13.728158001076206
      ],
      [
        -15.711036044364603
      ],
      [
        5.510828198096969
      ],
      [
        20.164769909575547
      ],
      [
        -17.27301686009041
      ],
      [
        -1.959902389718986
      ],
      [
        0.721673331920627
      ],
      [
        24.252825426952484
      ],
      [
        -23.167738565582475
      ],
      [
        -3.6103286155634584
      ],
      [
        1.9234694802964656
      ],
      [
        18.810276322254772
      ],
      [
        -0.5474582945275236
      ],
      [
        -4.3887995272681986
      ],
      [
        -19.92990298652971
      ],
      [
        14.483604949564075
      ],
      [
        4.444556007795589
      ],
      [
        0.26659156704647335
      ],
      [
        -17.713966296699617
      ]
    ]
  }
}