{
  "beta": {
    "shape": [
      64,
      1
    ],
    "value": [
      [
        192.2440098682997
      ],
      [
        -105.65284971581124
      ],
      [
        56.346107995386035
      ],
      [
        -110.69076987414444
      ],
      [
        76.61349556034226
      ],
      [
        -89.93899277540643
      ],
      [
        163.22099223598667
      ],
      [
        -119.73429554912116
      ],
      [
        -45.09599026672775
      ],
      [
        11.995767206730067
      ],
      [
        6.974627148644549
      ],
      [
        -7.036984681770612
      ],
      [
        55.740622830003815
      ],
      [
        -8.961830861790236
      ],
      [
        12.700227025117767
      ],
      [
        -4.415481392438114
      ],
      [
        173.32927442133575
      ],
      [
        -197.1573673245817
      ],
      [
        125.18005279046608
      ],
      [
        -115.60888377640391
      ],
      [
        -10.759024877531399
      ],
      [
        54.30404996406986
      ],
      [
        46.79394117898424
      ],
      [
        -154.91710449781584
      ],
      [
        -184.6069906610761
      ],
      [
        161.06306727584615
      ],
      [
        -139.587881804414
      ],
      [
        -159.20420429724604
      ],
      [
        162.68048269515546
      ],
      [
        -56.897375044822795
      ],
      [
        119.91168778265667
      ],
      [
        55.86483410250382
      ],
      [
        26.436586821160947
      ],
      [
        -31.765053045474563
      ],
      [
        -80.20071484408014
      ],
      [
        99.74785581596605
      ],
      [
        55.38363459586522
      ],
      [
        30.96891334690359
      ],
      [
        -13.858652861629302
      ],
      [
        -97.62917354954146
      ],
      [
        263.83768802148586
      ],
      [
        -90.345149527471
      ],
      [
        -46.74885017417556
      ],
      [
        -105.73004842275327
      ],
      [
        280.4889559565419
      ],
      [
        -86.14247368029247
      ],
      [
        -25.82358580668144
      ],
      [
        -154.5827802932883
      ],
      [
        64.87737564360397
      ],
      [
        -222.1512097613534
      ],
      [
        205.61289738340636
      ],
      [
        42.82104594754478
      ],
      [
        101.31182858162286
      ],
      [
        37.53351845766047
      ],
      [
        -4.241191743661261
      ],
      [
        -184.16678432015726
      ],
      [
        -368.60140857961926
      ],
      [
        117.85977429769628
      ],
      [
        -135.51653432128612
      ],
      [
        -62.927659318458865
      ],
      [
        169.75856044873336
      ],
      [
        114.44308108950246
      ],
      [
        -343.99615619553555
      ],
      [
        478.72276690236436
      ]
    ]
  }
}