{
  "beta": {
    "shape": [
      128,
      1
    ],
    "value": [
      [
        -1.754961473734383
      ],
      [
        5.264809081359309
      ],
      [
        10.273417934647382
      ],
      [
        1.7358181240501276
      ],
      [
        0.5784981834167393
      ],
      [
        -2.7613084917081334
      ],
      [
        -3.9140448465496167
      ],
      [
        0.22290191942287096
      ],
      [
        -2.690423305752221
      ],
      [
        2.1907584341211708
      ],
      [
        2.0923119587308308
      ],
      [
        -5.130303723057684
      ],
      [
        -0.22860937383996793
      ],
      [
        -6.02524311782031
      ],
      [
        2.605886009281628
      ],
      [
        8.588407824642756
      ],
      [
        -14.622214004911985
      ],
      [
        -20.319915183618722
      ],
      [
        -2.9912177612799615
      ],
      [
        12.048984400738767
      ],
      [
        11.744438516606412
      ],
      [
        -11.174674099083779
      ],
      [
        8.936475590801717
      ],
      [
        0.04028491152019864
      ],
      [
        6.250945050583208
      ],
      [
        -11.83982783408332
      ],
      [
        -3.194019841718683
      ],
      [
        -4.1576078305652295
      ],
      [
        38.01196282597798
      ],
      [
        -65.90350175039052
      ],
      [
        36.01998570023885
      ],
      [
        -1.6822133360301148
      ],
      [
        0.5990019392824415
      ],
      [
        1.672539612325325
      ],
      [
        -6.616076762865502
      ],
      [
        -9.46448111258079
      ],
      [
        19.944759543362668
      ],
      [
        -15.627644206969208
      ],
      [
        11.660900473766839
      ],
      [
        3.1857686892352675
      ],
      [
        14.853330724106074
      ],
      [
        -3.8625838496618217
      ],
      [
        -3.8057613286965943
      ],
      [
        0.5752263348886308
      ],
      [
        -4.307105260241034
      ],
      [
        4.719518061304937
      ],
      [
        -8.774303586181464
      ],
      [
        2.546418348182857
      ],
      [
        -3.187158299920835
      ],
      [
        -16.04008268026706
      ],
      [
        9.488992133533717
      ],
      [
        10.575084440279126
      ],
      [
        -16.816858547072695
      ],
      [
        -1.411113777080911
      ],
      [
        6.913445328695301
      ],
      [
        14.088809224150067
      ],
      [
        -1.4419947364594812
      ],
      [
        5.102333409736807
      ],
      [
        -4.7215309744697604
      ],
      [
        1.7375499359335258
      ],
      [
        -11.334476278019672
      ],
      [
        10.6752965570656
      ],
      [
        7.191470994900758
      ],
      [
        -7.602618040738506
      ],
      [
        2.938373035459538
      ],
      [
        -6.50665165471185
      ],
      [
        -9.388765611826958
      ],
      [
        -12.458149694295212
      ],
      [
        14.097375940579019
      ],
      [
        11.682449131642542
      ],
      [
        -11.787245750161006
      ],
      [
        8.137141914481925
      ],
      [
        2.0109020663217336
      ],
      [
        -0.5978925369194643
      ],
      [
        -21.782422477031773
      ],
      [
        6.752617608853929
      ],
      [
        9.427924933846208
      ],
      [
        -3.792976523090994
      ],
      [
        1.988311615994422
      ],
      [
        5.151281976388396
      ],
      [
        -0.6339058042398769
      ],
      [
        -0.6799168555331807
      ],
      [
        -6.621776216225383
      ],
      [
        -6.054860191361554
      ],
      [
        13.053809590517524
      ],
      [
        -7.388530856319614
      ],
      [
        5.338842682273439
      ],
      [
        1.3667332799006662
      ],
      [
        22.967818879028524
      ],
      [
        -39.5691936656105
      ],
      [
        8.823410606214003
      ],
      [
        -10.970376595935377
      ],
      [
        14.750421111015914
      ],
      [
        2.223926607171501
      ],
      [
        -9.643278625760798
      ],
      [
        3.8772994973664368
      ],
      [
        10.082622614572156
      ],
      [
        -5.852041025905802
      ],
      [
        -4.835980687381837
      ],
      [
        10.012451803393532
      ],
      [
        -7.354538779370933
      ],
      [
        13.390799761832922
      ],
      [
        -6.198218930597753
      ],
      [
        0.06644058102521733
      ],
      [
        7.56578045134672
      ],
      [
        -4.795182890235102
      ],
      [
        25.143318466308056
      ],
      [
        -14.939571854300711
      ],
      [
        2.561375937959065
      ],
      [
        5.2894374364674395
      ],
      [
        -14.798618970205322
      ],
      [
        -0.7237528255636168
      ],
      [
        2.873457161733512
      ],
      [
        26.103006091966
      ],
      [
        -40.450944664111965
      ],
      [
        14.2086149311145
      ],
      [
        -1.351207624245645
      ],
      [
        14.26049737884
      ],
      [
        -6.952304634360225
      ],
      [
        -8.514832076763144
      ],
      [
        9.167965708319056
      ],
      [
        -7.972890601059467
      ],
      [
        4.840756748044701
      ],
      [
        -11.308665306147857
      ],
      [
        5.531245664243311
      ],
      [
        12.988214421023766
      ],
      [
        -19.431928664160704
      ],
      [
        3.8948979489379667
      ]
    ]
  }
}