{
  "beta": {
    "shape": [
      128,
      1
    ],
    "value": [
      [
        -2197.902092719336
      ],
      [
        3436.9894089760364
      ],
      [
        1937.84658585574
      ],
      [
        -1205.6759082436872
      ],
      [
        -1317.9837804691715
      ],
      [
        2444.2332856634553
      ],
      [
        19.96971334671258
      ],
      [
        -2423.8214524904383
      ],
      [
        -3589.14165613436
      ],
      [
        4012.917581860036
      ],
      [
        2629.455813052871
      ],
      [
        5852.62062956347
      ],
      [
        -1011.3934800679208
      ],
      [
        -8313.694545552116
      ],
      [
        2351.025479121065
      ],
      [
        -777.9938182083374
      ],
      [
        -548.9347073953127
      ],
      [
        -6367.365714854796
      ],
      [
        4147.152784003217
      ],
      [
        -2215.2057585766543
      ],
      [
        3205.9225591092136
      ],
      [
        2767.6585433284868
      ],
      [
        -4694.156239521821
      ],
      [
        660.9095342498113
      ],
      [
        2970.2588658280824
      ],
      [
        -5586.428222547025
      ],
      [
        6765.9140631431455
      ],
      [
        -3829.126401994909
      ],
      [
        4552.054490603039
      ],
      [
        -4187.09776117388
      ],
      [
        -2149.341106084352
      ],
      [
        1499.862619409254
      ],
      [
        2773.6210817129186
      ],
      [
        -1099.5090605993269
      ],
      [
        -2609.594606867505
      ],
      [
        955.4017101689594
      ],
      [
        3180.7909258910668
      ],
      [
        -3936.2919996620626
      ],
      [
        1622.30146560692
      ],
      [
        -1363.373718913443
      ],
      [
        5735.267191164159
      ],
      [
        -201.24670811407668
      ],
      [
        -2487.9763909519024
      ],
      [
        2476.6620795898402
      ],
      [
        -2332.690350393311
      ],
      [
        -1188.676767262159
      ],
      [
        -2262.4244277890825
      ],
      [
        499.98476552928787
      ],
      [
        674.3159616747769
      ],
      [
        -486.62666413200486
      ],
      [
        -0.9339142169409342
      ],
      [
        374.4614994817392
      ],
      [
        914.420542526623
      ],
      [
        1479.0410280540243
      ],
      [
        -1671.5272508932078
      ],
      [
        -1119.0742703830915
      ],
      [
        2248.210403672609
      ],
      [
        84.57632553950918
      ],
      [
        47.49712961500063
      ],
      [
        723.6442835864218
      ],
      [
        -3290.8405695087495
      ],
      [
        428.6147098569638
      ],
      [
        -1313.201935071511
      ],
      [
        653.7946492309543
      ],
      [
        5138.630752624508
      ],
      [
        -5335.776698617506
      ],
      [
        -533.8311687319074
      ],
      [
        5183.237561113014
      ],
      [
        -2898.1391919686557
      ],
      [
        2659.580838346617
      ],
      [
        -4728.672584686839
      ],
      [
        -239.12319032029245
      ],
      [
        8560.515936498821
      ],
      [
        3403.5543081123324
      ],
      [
        -1582.8924826529621
      ],
      [
        -439.4634537078266
      ],
      [
        4224.091421793402
      ],
      [
        -2248.2380530034666
      ],
      [
        -2524.450786321112
      ],
      [
        -9547.577631877954
      ],
      [
        -2262.160118625624
      ],
      [
        7064.401974721599
      ],
      [
        -5821.2898262755425
      ],
      [
        2085.7180654867734
      ],
      [
        -1446.041094051042
      ],
      [
        -3487.104896043707
      ],
      [
        3321.7002298763987
      ],
      [
        3229.845453566186
      ],
      [
        -13.9699459556291
      ],
      [
        2393.860209247714
      ],
      [
        768.0713940234323
      ],
      [
        -3774.195516308949
      ],
      [
        1170.6141720429914
      ],
      [
        -4968.356319572258
      ],
      [
        511.94434826590305
      ],
      [
        2805.207463031962
      ],
      [
        4090.6346095773233
      ],
      [
        4641.328277219865
      ],
      [
        -3444.2291420855704
      ],
      [
        -7378.930860831786
      ],
      [
        5124.1444527856365
      ],
      [
        3815.788989644696
      ],
      [
        -8147.620270739062
      ],
      [
        4828.9384375049485
      ],
      [
        3827.3978846042187
      ],
      [
        -4475.4716893985815
      ],
      [
        6399.111420925547
      ],
      [
        -2730.5133327439944
      ],
      [
        -2844.3503371103343
      ],
      [
        146.39797341103804
      ],
      [
        -751.6933794673969
      ],
      [
        -366.0381577235223
      ],
      [
        493.863912500512
      ],
      [
        3277.5564545042835
      ],
      [
        -4134.669546247809
      ],
      [
        398.1114818057563
      ],
      [
        8269.19117698032
      ],
      [
        -10377.73510868303
      ],
      [
        6909.858282075242
      ],
      [
        -5051.7554283808095
      ],
      [
        3320.9841682139113
      ],
      [
        1405.541553163716
      ],
      [
        1142.098981419891
      ],
      [
        -1476.5424521320956
      ],
      [
        -6301.996621755444
      ],
      [
        1378.9311260290287
      ],
      [
        2775.606246041576
      ],
      [
        -3838.5128107490655
      ]
    ]
  }
}