{
  "beta": {
    "shape": [
      128,
      1
    ],
    "value": [
      [
        -8937.795930994502
      ],
      [
        7447.151674997191
      ],
      [
        3644.7050370874986
      ],
      [
        -6285.081772203783
      ],
      [
        6992.618445889366
      ],
      [
        6973.335810725216
      ],
      [
        -18417.852763523973
      ],
      [
        12575.582550204588
      ],
      [
        4766.586401936191
      ],
      [
        -5664.044625311313
      ],
      [
        -9144.278255954687
      ],
      [
        23035.48478174232
      ],
      [
        -12887.37399461905
      ],
      [
        -1728.0684599907659
      ],
      [
        1159.738573080569
      ],
      [
        484.2838923234961
      ],
      [
        -7179.571410118251
      ],
      [
        -1003.0575070567954
      ],
      [
        -3790.855706086409
      ],
      [
        12803.355722510285
      ],
      [
        -11741.880100531278
      ],
      [
        6261.504081398298
      ],
      [
        12564.403965670916
      ],
      [
        -10294.82052619229
      ],
      [
        -12628.890451396739
      ],
      [
        7920.765995744478
      ],
      [
        1138.4387195146826
      ],
      [
        8474.96820027642
      ],
      [
        -4156.868756993318
      ],
      [
        -4214.668332996125
      ],
      [
        4476.930896293481
      ],
      [
        2291.604621725849
      ],
      [
        277.12339439335534
      ],
      [
        5438.790651448793
      ],
      [
        -2933.9531482228067
      ],
      [
        2381.549551743762
      ],
      [
        -10371.597509124695
      ],
      [
        13309.092709874461
      ],
      [
        -8023.068097136971
      ],
      [
        -1958.4065256650129
      ],
      [
        790.456045026973
      ],
      [
        5292.294933216008
      ],
      [
        -10894.278758405537
      ],
      [
        6052.266031466361
      ],
      [
        1939.3099273056691
      ],
      [
        -529.1526810013785
      ],
      [
        -1304.7705720950235
      ],
      [
        -2906.7011194069437
      ],
      [
        5441.731769640775
      ],
      [
        -5824.660084911764
      ],
      [
        -1791.344998954613
      ],
      [
        338.6332384150613
      ],
      [
        5091.095320463526
      ],
      [
        -464.0419783327221
      ],
      [
        2177.6810422888934
      ],
      [
        -4397.916742503002
      ],
      [
        -3639.939646344832
      ],
      [
        7820.778462263888
      ],
      [
        -1614.8270702455793
      ],
      [
        -2730.156307209654
      ],
      [
        -2570.356047632342
      ],
      [
        -5842.32521823943
      ],
      [
        7398.900697154722
      ],
      [
        1356.7482539529383
      ],
      [
        2838.891591849657
      ],
      [
        4109.733607823072
      ],
      [
        -1763.2523731964848
      ],
      [
        -8500.993437324205
      ],
      [
        364.52866132155776
      ],
      [
        10877.58329635574
      ],
      [
        8863.66610741122
      ],
      [
        -13755.686920970009
      ],
      [
        -3190.2810950138373
      ],
      [
        4568.3473252568
      ],
      [
        -3069.7823618896314
      ],
      [
        2083.154930158812
      ],
      [
        -4824.484936765835
      ],
      [
        864.7078159785509
      ],
      [
        -14135.118459021123
      ],
      [
        18808.536240912534
      ],
      [
        2972.010213675203
      ],
      [
        1470.7039821338496
      ],
      [
        -6922.673428164001
      ],
      [
        -12309.660946878548
      ],
      [
        7324.097461714389
      ],
      [
        2590.1229205383843
      ],
      [
        2593.349554733924
      ],
      [
        3158.6739640230057
      ],
      [
        11794.896557492835
      ],
      [
        -6074.132657559956
      ],
      [
        12030.37288456143
      ],
      [
        2761.45882718875
      ],
      [
        -11076.980816198666
      ],
      [
        -7457.776516616041
      ],
      [
        -5417.64339993365
      ],
      [
        1886.8345061972348
      ],
      [
        -5859.5318172331245
      ],
      [
        5390.8866584449715
      ],
      [
        -8805.501624573872
      ],
      [
        5941.33633294133
      ],
      [
        -971.6731896979632
      ],
      [
        263.4367825857912
      ],
      [
        3849.9085608183686
      ],
      [
        348.08772607742105
      ],
      [
        -18974.768419379572
      ],
      [
        -13002.43787606104
      ],
      [
        5480.0918692959785
      ],
      [
        233.17068368387254
      ],
      [
        8822.464829156554
      ],
      [
        5547.0626399442735
      ],
      [
        -21526.613279435835
      ],
      [
        30974.478492054815
      ],
      [
        -2589.424506762677
      ],
      [
        -7042.335638981855
      ],
      [
        11517.830958705646
      ],
      [
        -5074.592977153914
      ],
      [
        346.996223729776
      ],
      [
        -4655.699258046878
      ],
      [
        -5004.33006120883
      ],
      [
        11532.981719305353
      ],
      [
        -10084.489420288013
      ],
      [
        7748.995258495334
      ],
      [
        -4536.871209709683
      ],
      [
        -836.8371194222028
      ],
      [
        4233.628113163857
      ],
      [
        -6416.014682027291
      ],
      [
        9668.07584011588
      ],
      [
        -2236.598128666245
      ]
    ]
  }
}