{
  "beta": {
    "shape": [
      64,
      1
    ],
    "value": [
      [
        -3102.3085170661757
      ],
      [
        1228.3358197197372
      ],
      [
        -13180.419881755512
      ],
      [
        15342.167972199994
      ],
      [
        -8027.7051567054405
      ],
      [
        10739.452105324477
      ],
      [
        -11957.401415411041
      ],
      [
        6213.294452185948
      ],
      [
        -3860.5455508942446
      ],
      [
        878.1502371653471
      ],
      [
        679.958685231851
      ],
      [
        3286.293955415911
      ],
      [
        -4380.166516418753
      ],
      [
        2275.1390817977544
      ],
      [
        -2230.0855973422904
      ],
      [
        3484.0624763184337
      ],
      [
        13606.378007337948
      ],
      [
        -7361.845055097699
      ],
      [
        406.82542630690705
      ],
      [
        4850.6627129034605
      ],
      [
        4437.344761183781
      ],
      [
        944.571676990191
      ],
      [
        -19395.952945179928
      ],
      [
        4403.589772922402
      ],
      [
        -5019.39787783724
      ],
      [
        1465.902480588671
      ],
      [
        6220.2217516602195
      ],
      [
        14393.568043159778
      ],
      [
        5371.754894653609
      ],
      [
        -6357.06040131472
      ],
      [
        -10892.036322249412
      ],
      [
        -1598.4986067666448
      ],
      [
        -16734.308971782877
      ],
      [
        33.44809826359415
      ],
      [
        7538.8521993618
      ],
      [
        5022.6892807780005
      ],
      [
        -5649.5763578454325
      ],
      [
        -174.62074239279627
      ],
      [
        -4053.201550270056
      ],
      [
        8779.745870180574
      ],
      [
        -6848.201412523187
      ],
      [
        -3165.0568056229936
      ],
      [
        5679.9552980818235
      ],
      [
        3025.5423596584706
      ],
      [
        -13086.544942954308
      ],
      [
        -3487.583902607349
      ],
      [
        10573.853990516962
      ],
      [
        7694.916124911405
      ],
      [
        15784.568739566528
      ],
      [
        2959.9238715870956
      ],
      [
        -8587.575117547098
      ],
      [
        -9098.761702521495
      ],
      [
        4581.4260438852425
      ],
      [
        4893.2965524975425
      ],
      [
        -580.4315903082605
      ],
      [
        -10664.540731122594
      ],
      [
        19686.22869785443
      ],
      [
        -12895.414944347856
      ],
      [
        7566.929820551984
      ],
      [
        10827.12302481779
      ],
      [
        -13339.546353866475
      ],
      [
        -3092.0192815709406
      ],
      [
        7547.209456841358
      ],
      [
        -13640.759014903451
      ]
    ]
  }
}