{
  "beta": {
    "shape": [
      128,
      1
    ],
    "value": [
      [
        -14.526730714052277
      ],
      [
        18.77494551028551
      ],
      [
        -21.044148844313803
      ],
      [
        14.874855434033917
      ],
      [
        -5.483478719522118
      ],
      [
        -7.299019477298936
      ],
      [
        9.628970227257435
      ],
      [
        6.746523198791297
      ],
      [
        15.121977052018645
      ],
      [
        -6.025282687194509
      ],
      [
        -4.698973681276044
      ],
      [
        -17.87991198959518
      ],
      [
        8.9455439197665
      ],
      [
        17.757292710173452
      ],
      [
        -11.348195927012657
      ],
      [
        -0.8417367965733862
      ],
      [
        -5.023211497790463
      ],
      [
        7.610623765906881
      ],
      [
        -12.500105540520355
      ],
      [
        8.14563480675205
      ],
      [
        3.037400127911707
      ],
      [
        -12.412011039500292
      ],
      [
        6.5898946153376725
      ],
      [
        7.476060061069957
      ],
      [
        2.585088460985692
      ],
      [
        -4.1806028177372525
      ],
      [
        1.523150920290913
      ],
      [
        -0.4149804230884712
      ],
      [
        2.136654721373758
      ],
      [
        -0.1349302532353945
      ],
      [
        -1.0049161813190484
      ],
      [
        0.762433879078967
      ],
      [
        7.964827872968502
      ],
      [
        0.5312684972468812
      ],
      [
        -7.660253212053802
      ],
      [
        6.669149677334232
      ],
      [
        -4.359987246177327
      ],
      [
        5.090767060485236
      ],
      [
        -6.7371942142895165
      ],
      [
        1.4334608045975463
      ],
      [
        5.861221427893632
      ],
      [
        -9.887601754903283
      ],
      [
        -2.328763083165062
      ],
      [
        -0.8485285836923648
      ],
      [
        2.662444226452253
      ],
      [
        4.494175218664411
      ],
      [
        7.396528490116285
      ],
      [
        -3.217501573883044
      ],
      [
        -1.4099216340890852
      ],
      [
        -4.33219733024964
      ],
      [
        -2.0549943617659268
      ],
      [
        -5.918435483309895
      ],
      [
        15.694954250984885
      ],
      [
        -12.425669912337373
      ],
      [
        3.33573908566314
      ],
      [
        7.5158445279660056
      ],
      [
        -10.138930717793873
      ],
      [
        10.63724789399023
      ],
      [
        4.950057366004566
      ],
      [
        17.581358261097616
      ],
      [
        -28.257598375539423
      ],
      [
        7.547072058676151
      ],
      [
        -20.76203767696434
      ],
      [
        13.416194427568955
      ],
      [
        13.983214884251838
      ],
      [
        -16.45515129631015
      ],
      [
        14.347091907777278
      ],
      [
        -28.51136285571684
      ],
      [
        25.109373719569128
      ],
      [
        -6.280523641770648
      ],
      [
        10.473054224265287
      ],
      [
        -9.37063495093636
      ],
      [
        2.1383982482123978
      ],
      [
        -8.579654443396207
      ],
      [
        7.026307756708374
      ],
      [
        -6.057697117813635
      ],
      [
        6.935194741306344
      ],
      [
        -3.1031881481007084
      ],
      [
        1.1915372247739815
      ],
      [
        -0.3051221996613572
      ],
      [
        2.658856178502202
      ],
      [
        -3.9765703276515136
      ],
      [
        -0.4464113746545131
      ],
      [
        2.9848687734738037
      ],
      [
        9.092839813592608
      ],
      [
        -19.571884803288206
      ],
      [
        16.560067102779403
      ],
      [
        -6.261018322663704
      ],
      [
        -13.70322412888663
      ],
      [
        5.566086080297888
      ],
      [
        3.2796676905176705
      ],
      [
        -15.79876609912679
      ],
      [
        24.497371438477362
      ],
      [
        -1.8098620356839539
      ],
      [
        -2.95858741129165
      ],
      [
        -2.1388957349792985
      ],
      [
        -6.086820181079804
      ],
      [
        -1.6349271219976234
      ],
      [
        3.6383751193118967
      ],
      [
        -4.104579565948654
      ],
      [
        -1.7416410612811588
      ],
      [
        11.53770987353678
      ],
      [
        -6.875083240272069
      ],
      [
        3.4245778651466035
      ],
      [
        -3.6545075646237
      ],
      [
        -4.517376576278824
      ],
      [
        -0.06654336964383822
      ],
      [
        2.5583870683376415
      ],
      [
        -10.561984076626453
      ],
      [
        9.7603554243805
      ],
      [
        2.65188388260401
      ],
      [
        3.847334474073314
      ],
      [
        4.2099099720435635
      ],
      [
        -5.434279775075235
      ],
      [
        18.19390844575567
      ],
      [
        -8.93275082152372
      ],
      [
        -2.20605503242376
      ],
      [
        -13.126780651551746
      ],
      [
        11.335748292296557
      ],
      [
        -7.237300710914535
      ],
      [
        9.37423739550759
      ],
      [
        -12.817774959995452
      ],
      [
        7.1610829147747515
      ],
      [
        -2.555060459291485
      ],
      [
        -4.491641045376799
      ],
      [
        13.857852279127417
      ],
      [
        -16.356237670069806
      ],
      [
        1.5626720958188967
      ]
    ]
  }
}