{
  "beta": {
    "shape": [
      128,
      1
    ],
    "value": [
      [
        -1284.2809510403438
      ],
      [
        -5280.618055378684
      ],
      [
        10399.292990879687
      ],
      [
        14006.920217694715
      ],
      [
        -2336.3320720070806
      ],
      [
        -20043.236304564147
      ],
      [
        5571.1454442906825
      ],
      [
        -6980.793752758135
      ],
      [
        3228.714258983365
      ],
      [
        13999.562516813263
      ],
      [
        -1236.98603318855
      ],
      [
        5823.859515718615
      ],
      [
        -1458.8410333389293
      ],
      [
        -9255.525496597773
      ],
      [
        1558.6101050654195
      ],
      [
        -12885.036369365638
      ],
      [
        -11955.143067293051
      ],
      [
        3624.1954143151775
      ],
      [
        -5373.368886169003
      ],
      [
        -1251.0612120918831
      ],
      [
        7033.734291458347
      ],
      [
        250.95344023983364
      ],
      [
        -2269.1286697193714
      ],
      [
        9533.945930755377
      ],
      [
        1970.9888761328812
      ],
      [
        1739.2847934777499
      ],
      [
        -5402.730118349673
      ],
      [
        2493.0374783975476
      ],
      [
        9178.888737136633
      ],
      [
        -16677.26323929635
      ],
      [
        11331.771026019234
      ],
      [
        -2594.124987212508
      ],
      [
        -5063.769715996159
      ],
      [
        3957.1091063346144
      ],
      [
        5310.3534018539685
      ],
      [
        -3046.3784406193936
      ],
      [
        1149.1061840600296
      ],
      [
        3452.385289430812
      ],
      [
        -1310.6779640035388
      ],
      [
        -7047.796618240672
      ],
      [
        -8774.623426946875
      ],
      [
        11132.446425116497
      ],
      [
        -11086.0180708219
      ],
      [
        -6533.780039767225
      ],
      [
        22229.084028005243
      ],
      [
        -5763.941174606162
      ],
      [
        -1148.175678787502
      ],
      [
        1391.499924167764
      ],
      [
        6153.726382756125
      ],
      [
        4928.319815914225
      ],
      [
        -18420.628134410974
      ],
      [
        7722.0161379848005
      ],
      [
        9557.808562490965
      ],
      [
        -7583.05796441964
      ],
      [
        1974.9679775090085
      ],
      [
        -3857.3154247158263
      ],
      [
        -3998.7480364237513
      ],
      [
        -922.948273271576
      ],
      [
        2098.475701587094
      ],
      [
        -1959.5410788549748
      ],
      [
        2031.3709678345285
      ],
      [
        -2459.72245357025
      ],
      [
        1659.6313113826247
      ],
      [
        5226.7882215451855
      ],
      [
        -367.45109730000877
      ],
      [
        9550.416888541811
      ],
      [
        -6511.8379646510675
      ],
      [
        189.3552310071824
      ],
      [
        10849.508246407595
      ],
      [
        -12744.39230995324
      ],
      [
        5407.313720035819
      ],
      [
        -5840.78270780382
      ],
      [
        11278.945668405311
      ],
      [
        -9141.588867298655
      ],
      [
        9580.968005387967
      ],
      [
        -20647.989118124053
      ],
      [
        5739.196488855992
      ],
      [
        19426.270903681347
      ],
      [
        -12462.952473273308
      ],
      [
        -4199.880882786506
      ],
      [
        -6278.070499088532
      ],
      [
        7216.354445491263
      ],
      [
        -11140.118072364046
      ],
      [
        4568.949559863235
      ],
      [
        -228.6667052746351
      ],
      [
        -1181.6806686316918
      ],
      [
        -676.0746759082313
      ],
      [
        6369.664999697581
      ],
      [
        -13871.657235283277
      ],
      [
        16966.710435108234
      ],
      [
        2136.6952576416643
      ],
      [
        -12594.695182991845
      ],
      [
        6267.772965784172
      ],
      [
        4645.373488884262
      ],
      [
        -15086.364537183425
      ],
      [
        17758.77219012178
      ],
      [
        664.8781261398576
      ],
      [
        -10341.080014816202
      ],
      [
        25444.896412959657
      ],
      [
        -14193.567789980465
      ],
      [
        724.9345385654544
      ],
      [
        -4046.69323261991
      ],
      [
        4844.385886573747
      ],
      [
        -2552.177454380538
      ],
      [
        2728.272786583738
      ],
      [
        -2596.1680289107803
      ],
      [
        12514.595974462107
      ],
      [
        -5987.068103939691
      ],
      [
        10785.303918381022
      ],
      [
        -9661.532261699358
      ],
      [
        -5396.0890960574725
      ],
      [
        -5399.261003310949
      ],
      [
        -3423.397783789759
      ],
      [
        3615.720941703139
      ],
      [
        -1983.8706790915767
      ],
      [
        3225.612040012186
      ],
      [
        611.2627558637939
      ],
      [
        -2784.6511921591664
      ],
      [
        6772.773508709615
      ],
      [
        -5483.361971240258
      ],
      [
        -1166.792830334263
      ],
      [
        -1999.4465475389757
      ],
      [
        -6229.001940425635
      ],
      [
        9665.608096192187
      ],
      [
        517.0756820621273
      ],
      [
        2187.9302647597588
      ],
      [
        1695.6831850587662
      ],
      [
        -4187.736464142708
      ]
    ]
  }
}