{
  "beta": {
    "shape": [
      32,
      1
    ],
    "value": [
      [
        -0.2720217152207639
      ],
      [
        -1.60464809384317
      ],
      [
        -0.34942871427814715
      ],
      [
        -0.12632620533540026
      ],
      [
        -0.5437554886344294
      ],
      [
        -3.9046639418229674
      ],
      [
        -0.38787943693852184
      ],
      [
        -2.1786194572082085
      ],
      [
        -0.3494287142801651
      ],
      [
        1.8922643420728662
      ],
      [
        0.890432902760979
      ],
      [
        -3.507423943079825
      ],
      [
        -1.595230422300678
      ],
      [
        -0.19108661760997997
      ],
      [
        -0.20949465247292923
      ],
      [
        0.2581794491968578
      ],
      [
        5.51201030473507
      ],
      [
        1.5148135147506112
      ],
      [
        -4.588882011244312
      ],
      [
        1.0241328723946406
      ],
      [
        -0.3147098637266348
      ],
      [
        3.723805784858192
      ],
      [
        0.25817944919802777
      ],
      [
        -0.6153159717785859
      ],
      [
        -1.1659461542016571
      ],
      [
        3.467646588442083
      ],
      [
        0.9035166455939407
      ],
      [
        0.18369906305924844
      ],
      [
        -0.3802457856077832
      ],
      [
        3.3102711256291997
      ],
      [
        1.0079288355466047
      ],
      [
        -2.2020198719190667
      ]
    ]
  }
}