{
  "beta": {
    "shape": [
      64,
      1
    ],
    "value": [
      [
        149.96613582442376
      ],
      [
        -77.71844265160695
      ],
      [
        36.999706665220685
      ],
      [
        -86.86785304485156
      ],
      [
        65.31513127270813
      ],
      [
        -64.95656322429716
      ],
      [
        122.0581567543532
      ],
      [
        -100.67177627161692
      ],
      [
        -34.102596008525865
      ],
      [
        5.159145340546075
      ],
      [
        9.421756741281001
      ],
      [
        -6.094752243581706
      ],
      [
        44.20359521931338
      ],
      [
        -14.928464812077422
      ],
      [
        10.232295549210669
      ],
      [
        1.74601620469668
      ],
      [
        135.56253345023202
      ],
      [
        -144.96063476784158
      ],
      [
        79.0562342168445
      ],
      [
        -69.3935516505953
      ],
      [
        -8.407988384746403
      ],
      [
        36.56335976652565
      ],
      [
        22.128912500420206
      ],
      [
        -107.5051447215248
      ],
      [
        -138.72716004765465
      ],
      [
        119.99708551242338
      ],
      [
        -93.24943543348715
      ],
      [
        -104.5282283035997
      ],
      [
        143.84117000461904
      ],
      [
        -58.40086679845446
      ],
      [
        61.291472891177115
      ],
      [
        40.78845392061997
      ],
      [
        6.543931492769085
      ],
      [
        -23.286621628679914
      ],
      [
        -37.861060044662196
      ],
      [
        59.79953090054576
      ],
      [
        35.49365495454598
      ],
      [
        35.52835826365826
      ],
      [
        -29.7177792762446
      ],
      [
        -56.28229390700866
      ],
      [
        192.98411798551365
      ],
      [
        -65.603293130784
      ],
      [
        -29.417387937532375
      ],
      [
        -77.91305058147587
      ],
      [
        214.3651404547299
      ],
      [
        -81.20650172908499
      ],
      [
        -10.638289461206577
      ],
      [
        -115.98150039728512
      ],
      [
        51.64228798992392
      ],
      [
        -165.0831100936694
      ],
      [
        163.01786026094084
      ],
      [
        11.530704012658763
      ],
      [
        94.2558012171446
      ],
      [
        23.60431288164648
      ],
      [
        0.13338484025549313
      ],
      [
        -146.170394655007
      ],
      [
        -254.80411959415017
      ],
      [
        63.86732575267709
      ],
      [
        -88.65477646765501
      ],
      [
        -33.31433671794871
      ],
      [
        100.61478920133155
      ],
      [
        92.50288642508009
      ],
      [
        -254.21426772449163
      ],
      [
        350.45746123272477
      ]
    ]
  }
}