{
  "beta": {
    "shape": [
      64,
      1
    ],
    "value": [
      [
        91.29562028681302
      ],
      [
        -44.979791164105166
      ],
      [
        13.148062596075263
      ],
      [
        -54.42246959061089
      ],
      [
        48.9267238825186
      ],
      [
        -30.692865625967997
      ],
      [
        69.0827348348785
      ],
      [
        -72.32007346146139
      ],
      [
        -20.078637868395674
      ],
      [
        -2.6690311925722634
      ],
      [
        11.387366323270028
      ],
      [
        -1.560936603001121
      ],
      [
        28.170440545367143
      ],
      [
        -14.851175436944246
      ],
      [
        3.7942539477979924
      ],
      [
        5.740937120388866
      ],
      [
        82.15271872839705
      ],
      [
        -80.7220241699361
      ],
      [
        26.81806845843385
      ],
      [
        -16.98403587189121
      ],
      [
        -2.105215339117102
      ],
      [
        12.489964540927362
      ],
      [
        -2.128259308075309
      ],
      [
        -49.4283050721734
      ],
      [
        -76.77279029584984
      ],
      [
        61.04820368898619
      ],
      [
        -37.31974220499431
      ],
      [
        -38.94981030028725
      ],
      [
        102.2477664386659
      ],
      [
        -46.67061798074178
      ],
      [
        3.520861440407387
      ],
      [
        20.329104439118453
      ],
      [
        -19.021062074945164
      ],
      [
        -9.772714664656961
      ],
      [
        -5.809717112669496
      ],
      [
        26.726037653617624
      ],
      [
        17.72599552227097
      ],
      [
        37.04791910642375
      ],
      [
        -45.222538430588614
      ],
      [
        -7.338014242033349
      ],
      [
        98.64594540178216
      ],
      [
        -30.30868113421902
      ],
      [
        -20.164451909040718
      ],
      [
        -37.66873854207957
      ],
      [
        125.69950426923263
      ],
      [
        -62.92295821668268
      ],
      [
        -2.4323174549887057
      ],
      [
        -56.49366337884029
      ],
      [
        35.51984118765497
      ],
      [
        -95.42568974885216
      ],
      [
        100.64055008299361
      ],
      [
        -17.076578903782885
      ],
      [
        73.51686756964307
      ],
      [
        4.134542675324573
      ],
      [
        8.590554115685954
      ],
      [
        -90.52148131031595
      ],
      [
        -117.72817829334168
      ],
      [
        7.917756137676513
      ],
      [
        -40.80491467880777
      ],
      [
        0.10494969919845687
      ],
      [
        27.65532813493613
      ],
      [
        62.56855261058179
      ],
      [
        -152.93687499863776
      ],
      [
        197.65795455644272
      ]
    ]
  }
}