{
  "beta": {
    "shape": [
      128,
      1
    ],
    "value": [
      [
        -1392.489825876666
      ],
      [
        -3425.7451764048974
      ],
      [
        6163.631411948828
      ],
      [
        9162.85442389116
      ],
      [
        -1428.5935647004303
      ],
      [
        -13000.407141309528
      ],
      [
        3114.5618220692368
      ],
      [
        -2539.7224477101645
      ],
      [
        176.49608917980777
      ],
      [
        12391.765849996791
      ],
      [
        416.9935333934825
      ],
      [
        3380.427437885678
      ],
      [
        -1401.4048384789023
      ],
      [
        -5569.941850853844
      ],
      [
        -217.9944632191634
      ],
      [
        -8388.701665250639
      ],
      [
        -2679.039891600144
      ],
      [
        -2376.920846011625
      ],
      [
        -4195.289205349908
      ],
      [
        -1440.236402582204
      ],
      [
        5849.039117270875
      ],
      [
        1935.7308815402268
      ],
      [
        -2851.853875880694
      ],
      [
        5320.316423294554
      ],
      [
        1741.4636034709158
      ],
      [
        931.7038009266129
      ],
      [
        -5198.161510248984
      ],
      [
        1002.6366125634249
      ],
      [
        9729.272803475847
      ],
      [
        -13413.212094405626
      ],
      [
        8036.448133592885
      ],
      [
        -2415.036044777212
      ],
      [
        -2649.8308424885827
      ],
      [
        4123.643222768227
      ],
      [
        988.142639773578
      ],
      [
        -982.6642051103136
      ],
      [
        2050.1754847695292
      ],
      [
        588.9769558342254
      ],
      [
        -869.6974816636797
      ],
      [
        -5127.891167362681
      ],
      [
        -6697.930969463683
      ],
      [
        8332.026509010899
      ],
      [
        -8730.804921264475
      ],
      [
        -4888.571018679015
      ],
      [
        16565.63260231173
      ],
      [
        -3839.9788422783977
      ],
      [
        -2413.268573586032
      ],
      [
        3334.019363603893
      ],
      [
        4688.490394664128
      ],
      [
        3495.740517641193
      ],
      [
        -14450.638167271321
      ],
      [
        6372.268683035684
      ],
      [
        7789.835345300096
      ],
      [
        -4064.7319617327585
      ],
      [
        -881.8432112751561
      ],
      [
        -2400.5037812932987
      ],
      [
        -2610.5254731492037
      ],
      [
        293.53689046790043
      ],
      [
        -300.39408750146026
      ],
      [
        -466.7783467955697
      ],
      [
        1371.7124673661588
      ],
      [
        -2841.703959691622
      ],
      [
        2043.6440053859205
      ],
      [
        3896.3890874739377
      ],
      [
        -982.3265357714297
      ],
      [
        3957.8547276272543
      ],
      [
        -2559.8752657595696
      ],
      [
        -2701.960552275561
      ],
      [
        10001.752514928226
      ],
      [
        -4505.760927920143
      ],
      [
        1021.5378014105897
      ],
      [
        -3761.018958493736
      ],
      [
        8889.094418852208
      ],
      [
        -8049.290691573333
      ],
      [
        7389.539050573836
      ],
      [
        -13600.8466010082
      ],
      [
        4195.75779092734
      ],
      [
        13334.879489300016
      ],
      [
        -9991.52213785312
      ],
      [
        -2427.294728057007
      ],
      [
        -4579.563024326982
      ],
      [
        4511.91224110849
      ],
      [
        -6656.405232163303
      ],
      [
        2593.6758007226726
      ],
      [
        559.9468113302563
      ],
      [
        -2155.6917878634713
      ],
      [
        -208.5493245956073
      ],
      [
        4876.244984384994
      ],
      [
        -11467.272170103179
      ],
      [
        10566.559956814324
      ],
      [
        2508.4863640312365
      ],
      [
        -13400.682249247162
      ],
      [
        8571.697767714626
      ],
      [
        934.363091402638
      ],
      [
        -9126.036433922749
      ],
      [
        15802.211043259125
      ],
      [
        -70.43649960784325
      ],
      [
        -7127.995785815415
      ],
      [
        17861.501215770906
      ],
      [
        -11713.951591184506
      ],
      [
        2310.898881223071
      ],
      [
        -3863.2315880789474
      ],
      [
        5149.049470826536
      ],
      [
        -2564.184595285178
      ],
      [
        2147.6645451882187
      ],
      [
        -2897.3070461882508
      ],
      [
        8752.471529087694
      ],
      [
        -3893.8874428469726
      ],
      [
        8207.062606291705
      ],
      [
        -6373.599961544385
      ],
      [
        -2739.1355309761084
      ],
      [
        -5840.517263974443
      ],
      [
        -611.7251407190109
      ],
      [
        1960.4742552602797
      ],
      [
        -663.250091564304
      ],
      [
        -228.65097062866093
      ],
      [
        1041.2317461157136
      ],
      [
        -1454.9112672717583
      ],
      [
        3940.6934934502865
      ],
      [
        -4162.004239596461
      ],
      [
        340.7733262785516
      ],
      [
        -1129.0635113623657
      ],
      [
        -3491.975939811019
      ],
      [
        4954.3042536018775
      ],
      [
        94.28440978932522
      ],
      [
        2013.117710373668
      ],
      [
        988.4570871211508
      ],
      [
        -3633.047051766198
      ]
    ]
  }
}