{
  "beta": {
    "shape": [
      64,
      1
    ],
    "value": [
      [
        21.943471459334233
      ],
      [
        -35.646124477271385
      ],
      [
        17.25488361968514
      ],
      [
        -36.98033751941429
      ],
      [
        33.15547506071271
      ],
      [
        -2.943493268319025
      ],
      [
        8.344853197029334
      ],
      [
        -7.53147504754383
      ],
      [
        3.352258632372921
      ],
      [
        -10.973613911569402
      ],
      [
        8.528665379967618
      ],
      [
        -9.072039576248349
      ],
      [
        19.108917378918296
      ],
      [
        -13.88866175993844
      ],
      [
        4.921608547788992
      ],
      [
        -2.154256681384475
      ],
      [
        -1.6615984772358956
      ],
      [
        -15.771862922802029
      ],
      [
        19.236916466166928
      ],
      [
        -25.79807589940171
      ],
      [
        32.32612401931511
      ],
      [
        -23.2044194674291
      ],
      [
        22.367124180609522
      ],
      [
        19.596472059031253
      ],
      [
        1.6875291643951646
      ],
      [
        25.95808564465187
      ],
      [
        -11.756515890133915
      ],
      [
        -6.650990272338652
      ],
      [
        26.29705074085939
      ],
      [
        3.1045662924907074
      ],
      [
        -12.078682793114979
      ],
      [
        -39.74942482942606
      ],
      [
        -14.628008347764034
      ],
      [
        34.83552899809112
      ],
      [
        -12.370330885287942
      ],
      [
        -22.339133841236443
      ],
      [
        22.170611891523333
      ],
      [
        -27.714701163311084
      ],
      [
        4.0030519142003405
      ],
      [
        6.870286394808956
      ],
      [
        -31.938708091716457
      ],
      [
        16.420556195707235
      ],
      [
        -8.335702811731238
      ],
      [
        12.852935225130354
      ],
      [
        -21.53752090832569
      ],
      [
        14.566089476498433
      ],
      [
        -11.407404981746218
      ],
      [
        31.49670205781894
      ],
      [
        8.08910903337159
      ],
      [
        -12.4467738506492
      ],
      [
        -3.1402188214255053
      ],
      [
        12.70410897528916
      ],
      [
        -6.8955589605090815
      ],
      [
        -12.088029718892281
      ],
      [
        14.463804231987567
      ],
      [
        -5.577748461501307
      ],
      [
        -10.825270397777288
      ],
      [
        -4.606299720189198
      ],
      [
        3.742076568070805
      ],
      [
        -17.280446333899405
      ],
      [
        -2.6855936382125245
      ],
      [
        23.698241949303878
      ],
      [
        -23.56725762972625
      ],
      [
        31.030621708597668
      ]
    ]
  }
}