{
  "beta": {
    "shape": [
      2,
      1
    ],
    "value": [
      [
        -1.0256164769281433
      ],
      [
        0.8609864344267917
      ]
    ]
  }
}