{
  "beta": {
    "shape": [
      32,
      1
    ],
    "value": [
      [
        -0.272021715215996
      ],
      [
        -1.6046480938400076
      ],
      [
        -0.3494287142797721
      ],
      [
        -0.12632620533508823
      ],
      [
        -0.5437554886463511
      ],
      [
        -3.9046639418202633
      ],
      [
        -0.3878794369384343
      ],
      [
        -2.1786194572283746
      ],
      [
        -0.3494287142814135
      ],
      [
        1.8922643420947118
      ],
      [
        0.8904329027667025
      ],
      [
        -3.5074239430760836
      ],
      [
        -1.5952304223020843
      ],
      [
        -0.1910866175930216
      ],
      [
        -0.2094946524730339
      ],
      [
        0.258179449200996
      ],
      [
        5.512010304732023
      ],
      [
        1.5148135147380657
      ],
      [
        -4.588882011248948
      ],
      [
        1.0241328723939154
      ],
      [
        -0.3147098637376607
      ],
      [
        3.723805784845537
      ],
      [
        0.25817944920202757
      ],
      [
        -0.6153159717836396
      ],
      [
        -1.1659461541971716
      ],
      [
        3.4676465884471233
      ],
      [
        0.9035166455969023
      ],
      [
        0.1836990630591948
      ],
      [
        -0.380245785607633
      ],
      [
        3.310271125623591
      ],
      [
        1.0079288355510057
      ],
      [
        -2.2020198719157476
      ]
    ]
  }
}