{
  "before": {
    "fan": {
      "accuracy": 95.43539325842697,
      "precision": 0.9431500465983225,
      "recall": 0.9960629921259843,
      "f1_score": 0.9688846337960747,
      "auc": 0.9869417747413927
    },
    "pump": {
      "accuracy": 100.0,
      "precision": 1.0,
      "recall": 1.0,
      "f1_score": 1.0,
      "auc": 1.0
    },
    "valve": {
      "accuracy": 91.84782608695652,
      "precision": 0.9214953271028037,
      "recall": 0.9939516129032258,
      "f1_score": 0.9563530552861299,
      "auc": 0.7022159418202764
    },
    "slider": {
      "accuracy": 90.01396648044692,
      "precision": 0.8842018196856907,
      "recall": 0.9972014925373134,
      "f1_score": 0.9373081981587024,
      "auc": 0.9922030472636815
    }
  },
  "after": {
    "fan": {
      "accuracy": 72.25433526011561,
      "precision": 0.7313323572474377,
      "recall": 0.9832677165354331,
      "f1_score": 0.8387909319899244,
      "auc": 0.4277938847997262
    },
    "pump": {
      "accuracy": 57.34265734265735,
      "precision": 0.871967654986523,
      "recall": 0.6221153846153846,
      "f1_score": 0.7261503928170595,
      "auc": 0.3833579881656805
    },
    "valve": {
      "accuracy": 88.67753623188406,
      "precision": 0.8973418881759854,
      "recall": 0.9868951612903226,
      "f1_score": 0.9399903984637542,
      "auc": 0.4430173531105991
    },
    "slider": {
      "accuracy": 84.13461538461539,
      "precision": 0.8564437194127243,
      "recall": 0.9794776119402985,
      "f1_score": 0.9138381201044388,
      "auc": 0.523638907734057
    }
  },
  "envs": {
    "before": {
      "6": {
        "slider": {
          "accuracy": 81.57051282051282,
          "precision": 0.856175972927242,
          "recall": 0.9440298507462687,
          "f1_score": 0.8979591836734694,
          "auc": 0.5340909090909091
        }
      }
    },
    "after": {
      "6": {
        "slider": {
          "accuracy": 81.25,
          "precision": 0.8521008403361344,
          "recall": 0.9458955223880597,
          "f1_score": 0.8965517241379309,
          "auc": 0.5273066485753053
        }
      }
    }
  }
}