{
  "before": {
    "fan": {
      "accuracy": 95.43539325842697,
      "precision": 0.9431500465983225,
      "recall": 0.9960629921259843,
      "f1_score": 0.9688846337960747,
      "auc": 0.9869417747413927
    },
    "pump": {
      "accuracy": 100.0,
      "precision": 1.0,
      "recall": 1.0,
      "f1_score": 1.0,
      "auc": 1.0
    },
    "valve": {
      "accuracy": 91.84782608695652,
      "precision": 0.9214953271028037,
      "recall": 0.9939516129032258,
      "f1_score": 0.9563530552861299,
      "auc": 0.7022159418202764
    },
    "slider": {
      "accuracy": 90.01396648044692,
      "precision": 0.8842018196856907,
      "recall": 0.9972014925373134,
      "f1_score": 0.9373081981587024,
      "auc": 0.9922030472636815
    }
  },
  "after": {
    "fan": {
      "accuracy": 41.835260115606935,
      "precision": 0.6130760986066452,
      "recall": 0.562992125984252,
      "f1_score": 0.5869676757311441,
      "auc": 0.07301919291338582
    },
    "pump": {
      "accuracy": 27.27272727272727,
      "precision": 0.8312101910828026,
      "recall": 0.25096153846153846,
      "f1_score": 0.38552437223042835,
      "auc": 0.2589219674556213
    },
    "valve": {
      "accuracy": 83.51449275362319,
      "precision": 0.8916827852998066,
      "recall": 0.9294354838709677,
      "f1_score": 0.9101678183613031,
      "auc": 0.3899589573732719
    },
    "slider": {
      "accuracy": 86.0576923076923,
      "precision": 0.8615136876006442,
      "recall": 0.9981343283582089,
      "f1_score": 0.9248055315471047,
      "auc": 0.5336244911804613
    }
  }
}