{
  "before": {
    "fan": {
      "accuracy": 97.3314606741573,
      "precision": 0.9803536345776032,
      "recall": 0.9822834645669292,
      "f1_score": 0.9813176007866273,
      "auc": 0.9878898409757604
    },
    "pump": {
      "accuracy": 95.8916083916084,
      "precision": 0.9615754082612872,
      "recall": 0.9930555555555556,
      "f1_score": 0.977061981454368,
      "auc": 0.9763436624649859
    },
    "valve": {
      "accuracy": 89.94565217391305,
      "precision": 0.9015496809480401,
      "recall": 0.9969758064516129,
      "f1_score": 0.9468645284825276,
      "auc": 0.6415790610599079
    },
    "slider": {
      "accuracy": 85.33519553072625,
      "precision": 0.8404423380726699,
      "recall": 0.9925373134328358,
      "f1_score": 0.9101796407185628,
      "auc": 0.9265728648424543
    }
  },
  "after": {
    "fan": {
      "accuracy": 96.55898876404494,
      "precision": 0.9626794258373206,
      "recall": 0.9901574803149606,
      "f1_score": 0.9762251334303736,
      "auc": 0.988205863053883
    },
    "pump": {
      "accuracy": 94.31818181818183,
      "precision": 0.9418931583880038,
      "recall": 0.9970238095238095,
      "f1_score": 0.9686746987951808,
      "auc": 0.9748847455648926
    },
    "valve": {
      "accuracy": 89.85507246376811,
      "precision": 0.8985507246376812,
      "recall": 1.0,
      "f1_score": 0.9465648854961832,
      "auc": 0.6302113335253456
    },
    "slider": {
      "accuracy": 82.54189944134079,
      "precision": 0.8147013782542113,
      "recall": 0.9925373134328358,
      "f1_score": 0.8948696383515559,
      "auc": 0.927008188225539
    }
  },
  "envs": {
    "before": {
      "6": {
        "slider": {
          "accuracy": 82.37179487179486,
          "precision": 0.8597972972972973,
          "recall": 0.9496268656716418,
          "f1_score": 0.902482269503546,
          "auc": 0.6631614654002713
        }
      }
    },
    "after": {
      "6": {
        "slider": {
          "accuracy": 84.2948717948718,
          "precision": 0.8613861386138614,
          "recall": 0.9738805970149254,
          "f1_score": 0.9141856392294221,
          "auc": 0.7570174694708277
        }
      }
    }
  }
}