{
  "before": {
    "fan": {
      "accuracy": 95.43539325842697,
      "precision": 0.9431500465983225,
      "recall": 0.9960629921259843,
      "f1_score": 0.9688846337960747,
      "auc": 0.9869417747413927
    },
    "pump": {
      "accuracy": 100.0,
      "precision": 1.0,
      "recall": 1.0,
      "f1_score": 1.0,
      "auc": 1.0
    },
    "valve": {
      "accuracy": 91.84782608695652,
      "precision": 0.9214953271028037,
      "recall": 0.9939516129032258,
      "f1_score": 0.9563530552861299,
      "auc": 0.7022159418202764
    },
    "slider": {
      "accuracy": 90.01396648044692,
      "precision": 0.8842018196856907,
      "recall": 0.9972014925373134,
      "f1_score": 0.9373081981587024,
      "auc": 0.9922030472636815
    }
  },
  "after": {
    "fan": {
      "accuracy": 67.55780346820809,
      "precision": 0.7189189189189189,
      "recall": 0.9163385826771654,
      "f1_score": 0.8057118130679359,
      "auc": 0.17443726463539885
    },
    "pump": {
      "accuracy": 43.35664335664335,
      "precision": 0.8525179856115108,
      "recall": 0.45576923076923076,
      "f1_score": 0.5939849624060151,
      "auc": 0.3159578402366864
    },
    "valve": {
      "accuracy": 86.95652173913044,
      "precision": 0.8955223880597015,
      "recall": 0.967741935483871,
      "f1_score": 0.930232558139535,
      "auc": 0.41498955933179726
    },
    "slider": {
      "accuracy": 85.41666666666666,
      "precision": 0.8582930756843801,
      "recall": 0.9944029850746269,
      "f1_score": 0.9213483146067416,
      "auc": 0.5255257801899592
    }
  },
  "envs": {
    "before": {
      "6": {
        "slider": {
          "accuracy": 82.53205128205127,
          "precision": 0.8540630182421227,
          "recall": 0.960820895522388,
          "f1_score": 0.9043020193151887,
          "auc": 0.5252501696065129
        }
      }
    },
    "after": {
      "6": {
        "slider": {
          "accuracy": 82.53205128205127,
          "precision": 0.8540630182421227,
          "recall": 0.960820895522388,
          "f1_score": 0.9043020193151887,
          "auc": 0.5254621777476255
        }
      }
    }
  }
}