{
  "before": {
    "fan": {
      "accuracy": 96.55898876404494,
      "precision": 0.9565627950897073,
      "recall": 0.9970472440944882,
      "f1_score": 0.9763855421686748,
      "auc": 0.9978771035973445
    },
    "pump": {
      "accuracy": 98.77622377622379,
      "precision": 0.9891732283464567,
      "recall": 0.9970238095238095,
      "f1_score": 0.9930830039525692,
      "auc": 0.9975927871148459
    },
    "valve": {
      "accuracy": 89.85507246376811,
      "precision": 0.8985507246376812,
      "recall": 1.0,
      "f1_score": 0.9465648854961832,
      "auc": 0.5804471486175116
    },
    "slider": {
      "accuracy": 80.58659217877096,
      "precision": 0.794074074074074,
      "recall": 1.0,
      "f1_score": 0.8852188274153592,
      "auc": 0.9305762852404643
    }
  },
  "after": {
    "fan": {
      "accuracy": 71.83988764044943,
      "precision": 0.7170077628793226,
      "recall": 1.0,
      "f1_score": 0.8351829017673654,
      "auc": 0.9997491122433225
    },
    "pump": {
      "accuracy": 93.26923076923077,
      "precision": 0.9290322580645162,
      "recall": 1.0,
      "f1_score": 0.963210702341137,
      "auc": 0.9940476190476191
    },
    "valve": {
      "accuracy": 89.85507246376811,
      "precision": 0.8985507246376812,
      "recall": 1.0,
      "f1_score": 0.9465648854961832,
      "auc": 0.555830573156682
    },
    "slider": {
      "accuracy": 75.34916201117319,
      "precision": 0.752280701754386,
      "recall": 1.0,
      "f1_score": 0.8586303564277132,
      "auc": 0.9096963101160863
    }
  },
  "envs": {
    "before": {
      "6": {
        "slider": {
          "accuracy": 85.8974358974359,
          "precision": 0.8589743589743589,
          "recall": 1.0,
          "f1_score": 0.9241379310344827,
          "auc": 0.6051772388059702
        }
      }
    },
    "after": {
      "6": {
        "slider": {
          "accuracy": 86.37820512820514,
          "precision": 0.8631239935587761,
          "recall": 1.0,
          "f1_score": 0.9265341400172861,
          "auc": 0.8258141112618725
        }
      }
    }
  }
}