{
  "before": {
    "fan": {
      "accuracy": 97.3314606741573,
      "precision": 0.9803536345776032,
      "recall": 0.9822834645669292,
      "f1_score": 0.9813176007866273,
      "auc": 0.9878898409757604
    },
    "pump": {
      "accuracy": 95.8916083916084,
      "precision": 0.9615754082612872,
      "recall": 0.9930555555555556,
      "f1_score": 0.977061981454368,
      "auc": 0.9763436624649859
    },
    "valve": {
      "accuracy": 89.94565217391305,
      "precision": 0.9015496809480401,
      "recall": 0.9969758064516129,
      "f1_score": 0.9468645284825276,
      "auc": 0.6415790610599079
    },
    "slider": {
      "accuracy": 85.33519553072625,
      "precision": 0.8404423380726699,
      "recall": 0.9925373134328358,
      "f1_score": 0.9101796407185628,
      "auc": 0.9265728648424543
    }
  },
  "after": {
    "fan": {
      "accuracy": 92.62640449438202,
      "precision": 0.9122171945701357,
      "recall": 0.9921259842519685,
      "f1_score": 0.9504950495049506,
      "auc": 0.9873735911687509
    },
    "pump": {
      "accuracy": 93.00699300699301,
      "precision": 0.927255985267035,
      "recall": 0.9990079365079365,
      "f1_score": 0.9617956064947469,
      "auc": 0.9617544934640523
    },
    "valve": {
      "accuracy": 89.85507246376811,
      "precision": 0.8985507246376812,
      "recall": 1.0,
      "f1_score": 0.9465648854961832,
      "auc": 0.631336405529954
    },
    "slider": {
      "accuracy": 81.35474860335195,
      "precision": 0.8005974607916355,
      "recall": 1.0,
      "f1_score": 0.8892575694732476,
      "auc": 0.9068615257048094
    }
  },
  "envs": {
    "before": {
      "6": {
        "slider": {
          "accuracy": 84.13461538461539,
          "precision": 0.8623548922056384,
          "recall": 0.9701492537313433,
          "f1_score": 0.913081650570676,
          "auc": 0.6066612957937585
        }
      }
    },
    "after": {
      "6": {
        "slider": {
          "accuracy": 85.09615384615384,
          "precision": 0.8613376835236541,
          "recall": 0.9850746268656716,
          "f1_score": 0.9190600522193211,
          "auc": 0.7527137042062416
        }
      }
    }
  }
}