{"before": {"fan": {"accuracy": 97.3314606741573, "precision": 0.9803536345776032, "recall": 0.9822834645669292, "f1_score": 0.9813176007866273, "auc": 0.9879091400339663}, "pump": {"accuracy": 95.8916083916084, "precision": 0.9615754082612872, "recall": 0.9930555555555556, "f1_score": 0.977061981454368, "auc": 0.9763655462184875}, "valve": {"accuracy": 89.94565217391305, "precision": 0.9015496809480401, "recall": 0.9969758064516129, "f1_score": 0.9468645284825276, "auc": 0.6353146601382489}, "slider": {"accuracy": 85.33519553072625, "precision": 0.8404423380726699, "recall": 0.9925373134328358, "f1_score": 0.9101796407185628, "auc": 0.9279954394693202}}, "after": {"fan": {"accuracy": 70.99719101123596, "precision": 0.7130742049469965, "recall": 0.9931102362204725, "f1_score": 0.8301110654051831, "auc": 0.7031153504708971}, "pump": {"accuracy": 90.2972027972028, "precision": 0.900804289544236, "recall": 1.0, "f1_score": 0.9478138222849083, "auc": 0.6073179271708684}, "valve": {"accuracy": 86.32246376811594, "precision": 0.8948356807511737, "recall": 0.9606854838709677, "f1_score": 0.926592124453087, "auc": 0.5211513536866359}, "slider": {"accuracy": 77.09497206703911, "precision": 0.766857962697274, "recall": 0.9972014925373134, "f1_score": 0.8669910786699108, "auc": 0.5246916459369818}}, "envs": {"before": {"2": {"fan": {"accuracy": 59.01162790697675, "precision": 0.6955017301038062, "recall": 0.7913385826771654, "f1_score": 0.7403314917127072, "auc": 0.1782343613298338}, "pump": {"accuracy": 90.46762589928058, "precision": 0.9063063063063063, "recall": 0.998015873015873, "f1_score": 0.9499527856468365, "auc": 0.4337416056166057}, "valve": {"accuracy": 83.98058252427184, "precision": 0.8606965174129353, "recall": 0.9719101123595506, "f1_score": 0.9129287598944591, "auc": 0.5130918940609952}, "slider": {"accuracy": 83.85416666666666, "precision": 0.838479809976247, "recall": 0.9878731343283582, "f1_score": 0.907066381156317, "auc": 0.722203550263389}}, "4": {"fan": {"accuracy": 74.78448275862068, "precision": 0.7501815541031227, "recall": 0.9932692307692308, "f1_score": 0.8547786512205213, "auc": 0.4044334571678322}, "pump": {"accuracy": 86.625, "precision": 0.8783269961977186, "recall": 0.984375, "f1_score": 0.9283322170127261, "auc": 0.5679302793560606}, "valve": {"accuracy": 89.20863309352518, "precision": 0.9044117647058824, "recall": 0.984, "f1_score": 0.942528735632184, "auc": 0.5936339285714286}, "slider": {"accuracy": 69.02777777777777, "precision": 0.7298091042584435, "recall": 0.9272388059701493, "f1_score": 0.8167625308134757, "auc": 0.4054489779364049}}, "6": {"fan": {"accuracy": 73.41040462427746, "precision": 0.7341040462427746, "recall": 1.0, "f1_score": 0.8466666666666667, "auc": 0.18728603218076}, "pump": {"accuracy": 88.72377622377621, "precision": 0.9070598748882931, "recall": 0.9759615384615384, "f1_score": 0.9402501157943493, "auc": 0.6556952662721893}, "valve": {"accuracy": 89.03985507246377, "precision": 0.9006439742410304, "recall": 0.9868951612903226, "f1_score": 0.9417989417989417, "auc": 0.4891093029953917}, "slider": {"accuracy": 83.97435897435898, "precision": 0.8621262458471761, "recall": 0.9682835820895522, "f1_score": 0.9121265377855886, "auc": 0.6033327679782904}}}, "after": {"2": {"fan": {"accuracy": 73.69186046511628, "precision": 0.7379912663755459, "recall": 0.9980314960629921, "f1_score": 0.8485355648535565, "auc": 0.7594542869641294}, "pump": {"accuracy": 90.64748201438849, "precision": 0.9064748201438849, "recall": 1.0, "f1_score": 0.9509433962264151, "auc": 0.5974702380952381}, "valve": {"accuracy": 88.47087378640776, "precision": 0.8880503144654088, "recall": 0.9915730337078652, "f1_score": 0.9369608493696084, "auc": 0.7753059791332263}, "slider": {"accuracy": 81.10119047619048, "precision": 0.808446455505279, "recall": 1.0, "f1_score": 0.8940783986655546, "auc": 0.7011049989025461}}, "4": {"fan": {"accuracy": 74.71264367816092, "precision": 0.7471264367816092, "recall": 1.0, "f1_score": 0.8552631578947367, "auc": 0.6031878277972028}, "pump": {"accuracy": 88.0, "precision": 0.88, "recall": 1.0, "f1_score": 0.9361702127659575, "auc": 0.6325609611742424}, "valve": {"accuracy": 89.83812949640287, "precision": 0.9042844120328167, "recall": 0.992, "f1_score": 0.9461134954697186, "auc": 0.7342142857142857}, "slider": {"accuracy": 76.38888888888889, "precision": 0.7592067988668555, "recall": 1.0, "f1_score": 0.8631239935587761, "auc": 0.8157142277741726}}, "6": {"fan": {"accuracy": 73.91618497109826, "precision": 0.7378358750907771, "recall": 1.0, "f1_score": 0.849143334726285, "auc": 0.8335945523793221}, "pump": {"accuracy": 90.9090909090909, "precision": 0.9098073555166375, "recall": 0.9990384615384615, "f1_score": 0.9523373052245647, "auc": 0.7750092455621301}, "valve": {"accuracy": 89.76449275362319, "precision": 0.9013698630136986, "recall": 0.9949596774193549, "f1_score": 0.9458552946813608, "auc": 0.8118159562211981}, "slider": {"accuracy": 85.73717948717949, "precision": 0.8622366288492707, "recall": 0.9925373134328358, "f1_score": 0.9228100607111882, "auc": 0.7064111261872456}}}}}