{"before": {"fan": {"accuracy": 96.73295454545455, "precision": 0.9732142857142857, "recall": 0.981, "f1_score": 0.9770916334661355, "auc": 0.9880710784313724}, "pump": {"accuracy": 95.86267605633803, "precision": 0.9582929194956353, "recall": 0.9959677419354839, "f1_score": 0.9767671774592189, "auc": 0.974371359767025}, "valve": {"accuracy": 88.5036496350365, "precision": 0.8920664206642066, "recall": 0.9907786885245902, "f1_score": 0.9388349514563106, "auc": 0.6364839480874317}, "slider": {"accuracy": 85.60393258426966, "precision": 0.8427773343974462, "recall": 0.9924812030075187, "f1_score": 0.9115235217954251, "auc": 0.929077903091061}}, "after": {"fan": {"accuracy": 70.73863636363636, "precision": 0.7094017094017094, "recall": 0.996, "f1_score": 0.8286189683860233, "auc": 0.49850980392156863}, "pump": {"accuracy": 88.73239436619718, "precision": 0.8857142857142857, "recall": 1.0, "f1_score": 0.9393939393939393, "auc": 0.5731546818996416}, "valve": {"accuracy": 87.5, "precision": 0.8887859128822985, "recall": 0.9825819672131147, "f1_score": 0.9333333333333333, "auc": 0.48154883879781424}, "slider": {"accuracy": 75.49157303370787, "precision": 0.7530077848549186, "recall": 1.0, "f1_score": 0.8591037545417844, "auc": 0.5079104010025062}}, "envs": {"before": {"2": {"fan": {"accuracy": 60.36764705882353, "precision": 0.6978540772532189, "recall": 0.813, "f1_score": 0.7510392609699769, "auc": 0.17115277777777776}, "pump": {"accuracy": 89.76449275362319, "precision": 0.898458748866727, "recall": 0.998991935483871, "f1_score": 0.9460620525059665, "auc": 0.43663594470046085}, "valve": {"accuracy": 83.61650485436894, "precision": 0.8516687268232386, "recall": 0.9786931818181818, "f1_score": 0.9107732980832782, "auc": 0.4808120265151515}, "slider": {"accuracy": 82.93413173652695, "precision": 0.8344, "recall": 0.9802631578947368, "f1_score": 0.9014693171996544, "auc": 0.711497263379036}}, "4": {"fan": {"accuracy": 74.71098265895954, "precision": 0.7489051094890511, "recall": 0.9941860465116279, "f1_score": 0.8542880932556204, "auc": 0.4224117996828753}, "pump": {"accuracy": 85.25, "precision": 0.8676844783715013, "recall": 0.9798850574712644, "f1_score": 0.9203778677462888, "auc": 0.5234029619805483}, "valve": {"accuracy": 87.77173913043478, "precision": 0.8978444236176195, "recall": 0.9735772357723578, "f1_score": 0.9341784495368113, "auc": 0.6099339430894309}, "slider": {"accuracy": 70.17045454545455, "precision": 0.7373134328358208, "recall": 0.9356060606060606, "f1_score": 0.8247078464106844, "auc": 0.40629304407713496}}, "6": {"fan": {"accuracy": 73.02631578947368, "precision": 0.7307973664959766, "recall": 0.999, "f1_score": 0.844106463878327, "auc": 0.22579076086956523}, "pump": {"accuracy": 89.34859154929578, "precision": 0.9070598748882931, "recall": 0.9835271317829457, "f1_score": 0.9437470943747095, "auc": 0.6833258795468098}, "valve": {"accuracy": 88.32116788321169, "precision": 0.8925925925925926, "recall": 0.9877049180327869, "f1_score": 0.9377431906614786, "auc": 0.48970286885245906}, "slider": {"accuracy": 83.92857142857143, "precision": 0.8592964824120602, "recall": 0.9715909090909091, "f1_score": 0.912, "auc": 0.587551652892562}}}, "after": {"2": {"fan": {"accuracy": 73.45588235294119, "precision": 0.7350993377483444, "recall": 0.999, "f1_score": 0.8469690546841883, "auc": 0.7194305555555556}, "pump": {"accuracy": 89.85507246376811, "precision": 0.8985507246376812, "recall": 1.0, "f1_score": 0.9465648854961832, "auc": 0.5530493951612904}, "valve": {"accuracy": 87.37864077669903, "precision": 0.8712871287128713, "recall": 1.0, "f1_score": 0.9312169312169313, "auc": 0.8224431818181817}, "slider": {"accuracy": 81.3622754491018, "precision": 0.8103579588728104, "recall": 1.0, "f1_score": 0.8952461085401767, "auc": 0.793609713622291}}, "4": {"fan": {"accuracy": 74.56647398843931, "precision": 0.7456647398843931, "recall": 1.0, "f1_score": 0.8543046357615894, "auc": 0.5859485112755463}, "pump": {"accuracy": 87.0, "precision": 0.87, "recall": 1.0, "f1_score": 0.9304812834224598, "auc": 0.6153846153846154}, "valve": {"accuracy": 89.85507246376811, "precision": 0.8978102189781022, "recall": 1.0, "f1_score": 0.9461538461538462, "auc": 0.7388973577235773}, "slider": {"accuracy": 76.42045454545455, "precision": 0.760806916426513, "recall": 1.0, "f1_score": 0.8641571194762684, "auc": 0.7748256714876033}}, "6": {"fan": {"accuracy": 73.09941520467837, "precision": 0.7309941520467836, "recall": 1.0, "f1_score": 0.8445945945945946, "auc": 0.8444402173913044}, "pump": {"accuracy": 90.84507042253522, "precision": 0.9084507042253521, "recall": 1.0, "f1_score": 0.952029520295203, "auc": 0.7800946630888491}, "valve": {"accuracy": 89.59854014598541, "precision": 0.8954128440366973, "recall": 1.0, "f1_score": 0.9448209099709584, "auc": 0.8252305327868853}, "slider": {"accuracy": 85.55194805194806, "precision": 0.8569105691056911, "recall": 0.9981060606060606, "f1_score": 0.9221347331583551, "auc": 0.6796659779614326}}}}}