{"before": {"fan": {"accuracy": 97.0505617977528, "precision": 0.9783889980353635, "recall": 0.9803149606299213, "f1_score": 0.9793510324483776, "auc": 0.9884832870155937}, "pump": {"accuracy": 96.18055555555556, "precision": 0.9608030592734226, "recall": 0.9970238095238095, "f1_score": 0.9785783836416747, "auc": 0.9787119708994709}, "valve": {"accuracy": 89.11870503597122, "precision": 0.8941176470588236, "recall": 0.9959677419354839, "f1_score": 0.9422985216976633, "auc": 0.6587785618279571}, "slider": {"accuracy": 85.68435754189943, "precision": 0.8437747819191118, "recall": 0.9925373134328358, "f1_score": 0.91213030432919, "auc": 0.9284696310116087}}, "after": {"fan": {"accuracy": 71.06741573033707, "precision": 0.7126760563380282, "recall": 0.9960629921259843, "f1_score": 0.8308702791461413, "auc": 0.5605025474756832}, "pump": {"accuracy": 89.14930555555556, "precision": 0.8896734333627537, "recall": 1.0, "f1_score": 0.9416160672582905, "auc": 0.5847318672839505}, "valve": {"accuracy": 86.33093525179856, "precision": 0.8888888888888888, "recall": 0.967741935483871, "f1_score": 0.9266409266409267, "auc": 0.5449764784946236}, "slider": {"accuracy": 75.5586592178771, "precision": 0.7545839210155149, "recall": 0.9981343283582089, "f1_score": 0.8594377510040161, "auc": 0.501762023217247}}, "envs": {"before": {"2": {"fan": {"accuracy": 57.92151162790697, "precision": 0.6914986853637161, "recall": 0.7765748031496063, "f1_score": 0.7315716272600835, "auc": 0.17688648293963258}, "pump": {"accuracy": 89.91071428571429, "precision": 0.8999106344950849, "recall": 0.9990079365079365, "f1_score": 0.9468735307945463, "auc": 0.45432079081632654}, "valve": {"accuracy": 84.73557692307693, "precision": 0.8545454545454545, "recall": 0.9901685393258427, "f1_score": 0.9173715029277812, "auc": 0.4929307116104869}, "slider": {"accuracy": 83.63095238095238, "precision": 0.8386327503974563, "recall": 0.9841417910447762, "f1_score": 0.9055793991416309, "auc": 0.7285756420105355}}, "4": {"fan": {"accuracy": 75.07267441860465, "precision": 0.7531227038941954, "recall": 0.9932170542635659, "f1_score": 0.8566652737150021, "auc": 0.39567840724716064}, "pump": {"accuracy": 85.76732673267327, "precision": 0.8695106649937264, "recall": 0.984375, "f1_score": 0.9233844103930713, "auc": 0.5431599650349651}, "valve": {"accuracy": 87.32142857142857, "precision": 0.8964879852125693, "recall": 0.97, "f1_score": 0.9317963496637849, "auc": 0.5798249999999999}, "slider": {"accuracy": 69.30555555555556, "precision": 0.7306002928257687, "recall": 0.9309701492537313, "f1_score": 0.8187038556193602, "auc": 0.3806375730045425}}, "6": {"fan": {"accuracy": 73.41040462427746, "precision": 0.7341040462427746, "recall": 1.0, "f1_score": 0.8466666666666667, "auc": 0.2251556615884971}, "pump": {"accuracy": 88.98601398601399, "precision": 0.9073083778966132, "recall": 0.9788461538461538, "f1_score": 0.9417206290471786, "auc": 0.6987980769230769}, "valve": {"accuracy": 87.41007194244604, "precision": 0.8929889298892989, "recall": 0.9758064516129032, "f1_score": 0.932562620423892, "auc": 0.5063928091397849}, "slider": {"accuracy": 83.22784810126582, "precision": 0.8501628664495114, "recall": 0.9738805970149254, "f1_score": 0.9078260869565218, "auc": 0.607314987562189}}}, "after": {"2": {"fan": {"accuracy": 73.83720930232558, "precision": 0.7383720930232558, "recall": 1.0, "f1_score": 0.8494983277591973, "auc": 0.7647391732283464}, "pump": {"accuracy": 90.0, "precision": 0.9, "recall": 1.0, "f1_score": 0.9473684210526316, "auc": 0.589905753968254}, "valve": {"accuracy": 87.74038461538461, "precision": 0.8802992518703242, "recall": 0.9915730337078652, "f1_score": 0.9326287978863937, "auc": 0.7850187265917603}, "slider": {"accuracy": 81.62202380952381, "precision": 0.8127369219105383, "recall": 1.0, "f1_score": 0.8966959431200334, "auc": 0.7468482495610184}}, "4": {"fan": {"accuracy": 75.0, "precision": 0.75, "recall": 1.0, "f1_score": 0.8571428571428571, "auc": 0.5767644672796106}, "pump": {"accuracy": 87.12871287128714, "precision": 0.8712871287128713, "recall": 1.0, "f1_score": 0.9312169312169313, "auc": 0.6417722902097902}, "valve": {"accuracy": 89.375, "precision": 0.8972046889089269, "recall": 0.995, "f1_score": 0.94357515410147, "auc": 0.7699416666666666}, "slider": {"accuracy": 75.97222222222221, "precision": 0.7567185289957568, "recall": 0.9981343283582089, "f1_score": 0.8608205953338697, "auc": 0.7631915152498377}}, "6": {"fan": {"accuracy": 73.41040462427746, "precision": 0.7341040462427746, "recall": 1.0, "f1_score": 0.8466666666666667, "auc": 0.8462507488873673}, "pump": {"accuracy": 90.9965034965035, "precision": 0.9098862642169728, "recall": 1.0, "f1_score": 0.9528172240036646, "auc": 0.749685650887574}, "valve": {"accuracy": 89.02877697841727, "precision": 0.8918918918918919, "recall": 0.9979838709677419, "f1_score": 0.9419600380589914, "auc": 0.8095766129032258}, "slider": {"accuracy": 84.96835443037975, "precision": 0.849445324881141, "recall": 1.0, "f1_score": 0.9185946872322194, "auc": 0.7144745024875621}}}}}