{"before": {"fan": {"accuracy": 96.66193181818183, "precision": 0.9750747756729811, "recall": 0.978, "f1_score": 0.9765351972041938, "auc": 0.9887230392156863}, "pump": {"accuracy": 96.24125874125873, "precision": 0.9614271938283511, "recall": 0.997, "f1_score": 0.9788905252822779, "auc": 0.9851944444444444}, "valve": {"accuracy": 89.22101449275362, "precision": 0.8949771689497716, "recall": 0.9959349593495935, "f1_score": 0.9427609427609428, "auc": 0.6194021002710026}, "slider": {"accuracy": 86.10335195530726, "precision": 0.847808764940239, "recall": 0.9925373134328358, "f1_score": 0.9144821658788138, "auc": 0.9216391998341625}}, "after": {"fan": {"accuracy": 71.02272727272727, "precision": 0.7102272727272727, "recall": 1.0, "f1_score": 0.8305647840531561, "auc": 0.44664460784313725}, "pump": {"accuracy": 88.46153846153845, "precision": 0.8833922261484098, "recall": 1.0, "f1_score": 0.9380863039399624, "auc": 0.5701458333333334}, "valve": {"accuracy": 88.76811594202898, "precision": 0.8909090909090909, "recall": 0.9959349593495935, "f1_score": 0.9404990403071019, "auc": 0.47492378048780487}, "slider": {"accuracy": 75.06983240223464, "precision": 0.7508771929824561, "recall": 0.9981343283582089, "f1_score": 0.8570284341209451, "auc": 0.47590692371475957}}, "envs": {"before": {"2": {"fan": {"accuracy": 59.57602339181286, "precision": 0.6962899050905953, "recall": 0.8005952380952381, "f1_score": 0.7448084910013844, "auc": 0.17696483686067022}, "pump": {"accuracy": 89.83812949640287, "precision": 0.8991899189918992, "recall": 0.999, "f1_score": 0.946470866887731, "auc": 0.45620535714285715}, "valve": {"accuracy": 83.85922330097088, "precision": 0.8520345252774353, "recall": 0.9815340909090909, "f1_score": 0.9122112211221123, "auc": 0.5570667613636363}, "slider": {"accuracy": 83.63095238095238, "precision": 0.8359621451104101, "recall": 0.9888059701492538, "f1_score": 0.9059829059829061, "auc": 0.7300606343283582}}, "4": {"fan": {"accuracy": 74.71098265895954, "precision": 0.7489051094890511, "recall": 0.9941860465116279, "f1_score": 0.8542880932556204, "auc": 0.41368261099365755}, "pump": {"accuracy": 85.75, "precision": 0.8683544303797468, "recall": 0.985632183908046, "f1_score": 0.9232839838492597, "auc": 0.5413627320954908}, "valve": {"accuracy": 87.76978417266187, "precision": 0.8912248628884827, "recall": 0.9828629032258065, "f1_score": 0.9348034515819752, "auc": 0.5995211693548388}, "slider": {"accuracy": 69.10112359550563, "precision": 0.727810650887574, "recall": 0.9318181818181818, "f1_score": 0.8172757475083057, "auc": 0.3649538866930171}}, "6": {"fan": {"accuracy": 73.68421052631578, "precision": 0.7368421052631579, "recall": 1.0, "f1_score": 0.8484848484848484, "auc": 0.1974619708994709}, "pump": {"accuracy": 88.8986013986014, "precision": 0.9072256913470116, "recall": 0.9778846153846154, "f1_score": 0.9412309116149932, "auc": 0.7065551035502959}, "valve": {"accuracy": 87.86231884057972, "precision": 0.890625, "recall": 0.9847560975609756, "f1_score": 0.9353281853281853, "auc": 0.4666920731707317}, "slider": {"accuracy": 83.17307692307693, "precision": 0.8495867768595041, "recall": 0.9734848484848485, "f1_score": 0.9073256840247131, "auc": 0.5891335227272727}}}, "after": {"2": {"fan": {"accuracy": 73.68421052631578, "precision": 0.7368421052631579, "recall": 1.0, "f1_score": 0.8484848484848484, "auc": 0.7390652557319224}, "pump": {"accuracy": 89.92805755395683, "precision": 0.8992805755395683, "recall": 1.0, "f1_score": 0.9469696969696969, "auc": 0.62525}, "valve": {"accuracy": 86.52912621359224, "precision": 0.8638036809815951, "recall": 1.0, "f1_score": 0.9269256089532588, "auc": 0.7625591856060605}, "slider": {"accuracy": 81.47321428571429, "precision": 0.8115064345193036, "recall": 1.0, "f1_score": 0.8959465106560802, "auc": 0.7848681683494294}}, "4": {"fan": {"accuracy": 74.56647398843931, "precision": 0.7456647398843931, "recall": 1.0, "f1_score": 0.8543046357615894, "auc": 0.5747968419661733}, "pump": {"accuracy": 87.0, "precision": 0.87, "recall": 1.0, "f1_score": 0.9304812834224598, "auc": 0.6441755083996463}, "valve": {"accuracy": 89.29856115107914, "precision": 0.8928892889288929, "recall": 1.0, "f1_score": 0.9434141702330004, "auc": 0.810341061827957}, "slider": {"accuracy": 75.28089887640449, "precision": 0.75, "recall": 1.0, "f1_score": 0.8571428571428571, "auc": 0.8078680830039526}}, "6": {"fan": {"accuracy": 73.75730994152046, "precision": 0.737381126554499, "recall": 1.0, "f1_score": 0.848842105263158, "auc": 0.8549878747795414}, "pump": {"accuracy": 90.9090909090909, "precision": 0.9090909090909091, "recall": 1.0, "f1_score": 0.9523809523809523, "auc": 0.6939811390532544}, "valve": {"accuracy": 89.22101449275362, "precision": 0.8921124206708976, "recall": 1.0, "f1_score": 0.9429803545759463, "auc": 0.8206046747967479}, "slider": {"accuracy": 84.4551282051282, "precision": 0.8459069020866774, "recall": 0.9981060606060606, "f1_score": 0.9157254561251086, "auc": 0.6679292929292929}}}}}