{
  "before": {
    "fan": {
      "accuracy": 97.12078651685393,
      "precision": 0.9784102060843964,
      "recall": 0.9812992125984252,
      "f1_score": 0.9798525798525799,
      "auc": 0.9883988536359425
    },
    "pump": {
      "accuracy": 96.09375,
      "precision": 0.9598853868194842,
      "recall": 0.9970238095238095,
      "f1_score": 0.978102189781022,
      "auc": 0.978643077601411
    },
    "valve": {
      "accuracy": 89.02877697841727,
      "precision": 0.8933092224231465,
      "recall": 0.9959677419354839,
      "f1_score": 0.9418493803622497,
      "auc": 0.6594590053763442
    },
    "slider": {
      "accuracy": 85.33519553072625,
      "precision": 0.8404423380726699,
      "recall": 0.9925373134328358,
      "f1_score": 0.9101796407185628,
      "auc": 0.9284566749585407
    }
  },
  "after": {
    "fan": {
      "accuracy": 71.1376404494382,
      "precision": 0.7137809187279152,
      "recall": 0.9940944881889764,
      "f1_score": 0.8309337721102427,
      "auc": 0.9071232823838198
    },
    "pump": {
      "accuracy": 89.40972222222221,
      "precision": 0.8920353982300885,
      "recall": 1.0,
      "f1_score": 0.9429373246024322,
      "auc": 0.6838417658730158
    },
    "valve": {
      "accuracy": 87.58992805755396,
      "precision": 0.8903107861060329,
      "recall": 0.9818548387096774,
      "f1_score": 0.9338446788111218,
      "auc": 0.5339045698924731
    },
    "slider": {
      "accuracy": 75.62849162011173,
      "precision": 0.7543983110485574,
      "recall": 1.0,
      "f1_score": 0.8600080224628962,
      "auc": 0.6120646766169154
    }
  },
  "envs": {
    "before": {
      "2": {
        "fan": {
          "accuracy": 58.866279069767444,
          "precision": 0.6949740034662045,
          "recall": 0.7893700787401575,
          "f1_score": 0.7391705069124423,
          "auc": 0.1770751312335958
        },
        "pump": {
          "accuracy": 89.91071428571429,
          "precision": 0.8999106344950849,
          "recall": 0.9990079365079365,
          "f1_score": 0.9468735307945463,
          "auc": 0.45408163265306123
        },
        "valve": {
          "accuracy": 84.73557692307693,
          "precision": 0.8545454545454545,
          "recall": 0.9901685393258427,
          "f1_score": 0.9173715029277812,
          "auc": 0.49286048689138573
        },
        "slider": {
          "accuracy": 83.48214285714286,
          "precision": 0.8367670364500792,
          "recall": 0.9850746268656716,
          "f1_score": 0.9048843187660668,
          "auc": 0.7291792416593503
        }
      },
      "4": {
        "fan": {
          "accuracy": 75.21802325581395,
          "precision": 0.7557364914877869,
          "recall": 0.9893410852713178,
          "f1_score": 0.8569030633655057,
          "auc": 0.4033880926627006
        },
        "pump": {
          "accuracy": 84.52970297029702,
          "precision": 0.8678526048284625,
          "recall": 0.9701704545454546,
          "f1_score": 0.9161636485580147,
          "auc": 0.521484375
        },
        "valve": {
          "accuracy": 86.78571428571429,
          "precision": 0.895910780669145,
          "recall": 0.964,
          "f1_score": 0.9287090558766858,
          "auc": 0.5963499999999999
        },
        "slider": {
          "accuracy": 67.63888888888889,
          "precision": 0.7257824143070045,
          "recall": 0.9085820895522388,
          "f1_score": 0.8069594034797019,
          "auc": 0.3564649578195977
        }
      },
      "6": {
        "fan": {
          "accuracy": 72.54335260115607,
          "precision": 0.7317784256559767,
          "recall": 0.9881889763779528,
          "f1_score": 0.8408710217755444,
          "auc": 0.22103410647038682
        },
        "pump": {
          "accuracy": 88.81118881118881,
          "precision": 0.9071428571428571,
          "recall": 0.9769230769230769,
          "f1_score": 0.9407407407407407,
          "auc": 0.6714497041420119
        },
        "valve": {
          "accuracy": 86.6906474820144,
          "precision": 0.8951310861423221,
          "recall": 0.9637096774193549,
          "f1_score": 0.9281553398058253,
          "auc": 0.5050571236559139
        },
        "slider": {
          "accuracy": 82.27848101265823,
          "precision": 0.8498349834983498,
          "recall": 0.960820895522388,
          "f1_score": 0.9019264448336253,
          "auc": 0.6390897077114429
        }
      }
    },
    "after": {
      "2": {
        "fan": {
          "accuracy": 73.83720930232558,
          "precision": 0.7383720930232558,
          "recall": 1.0,
          "f1_score": 0.8494983277591973,
          "auc": 0.7467656386701662
        },
        "pump": {
          "accuracy": 90.0,
          "precision": 0.9,
          "recall": 1.0,
          "f1_score": 0.9473684210526316,
          "auc": 0.5887276785714286
        },
        "valve": {
          "accuracy": 87.13942307692307,
          "precision": 0.8767123287671232,
          "recall": 0.9887640449438202,
          "f1_score": 0.9293729372937294,
          "auc": 0.8006086142322097
        },
        "slider": {
          "accuracy": 81.69642857142857,
          "precision": 0.8133535660091047,
          "recall": 1.0,
          "f1_score": 0.897071129707113,
          "auc": 0.7477982330992098
        }
      },
      "4": {
        "fan": {
          "accuracy": 75.0,
          "precision": 0.75,
          "recall": 1.0,
          "f1_score": 0.8571428571428571,
          "auc": 0.5761813818280151
        },
        "pump": {
          "accuracy": 87.12871287128714,
          "precision": 0.8712871287128713,
          "recall": 1.0,
          "f1_score": 0.9312169312169313,
          "auc": 0.6436024912587412
        },
        "valve": {
          "accuracy": 89.55357142857143,
          "precision": 0.8973897389738974,
          "recall": 0.997,
          "f1_score": 0.944576030317385,
          "auc": 0.7823666666666665
        },
        "slider": {
          "accuracy": 75.69444444444444,
          "precision": 0.7545839210155149,
          "recall": 0.9981343283582089,
          "f1_score": 0.8594377510040161,
          "auc": 0.7577770116807269
        }
      },
      "6": {
        "fan": {
          "accuracy": 73.41040462427746,
          "precision": 0.7341040462427746,
          "recall": 1.0,
          "f1_score": 0.8466666666666667,
          "auc": 0.8220055203697364
        },
        "pump": {
          "accuracy": 90.9965034965035,
          "precision": 0.9098862642169728,
          "recall": 1.0,
          "f1_score": 0.9528172240036646,
          "auc": 0.7605676775147927
        },
        "valve": {
          "accuracy": 89.20863309352518,
          "precision": 0.8920863309352518,
          "recall": 1.0,
          "f1_score": 0.9429657794676806,
          "auc": 0.8144237231182796
        },
        "slider": {
          "accuracy": 85.12658227848101,
          "precision": 0.8507936507936508,
          "recall": 1.0,
          "f1_score": 0.9193825042881646,
          "auc": 0.746152052238806
        }
      }
    }
  }
}